-- phpMyAdmin SQL Dump
-- version 3.5.8.2
-- http://www.phpmyadmin.net
--
-- Servidor: localhost
-- Tiempo de generación: 23-06-2015 a las 18:49:38
-- Versión del servidor: 5.5.42-37.1-log
-- Versión de PHP: 5.4.23

SET SQL_MODE="NO_AUTO_VALUE_ON_ZERO";
SET time_zone = "+00:00";


/*!40101 SET @OLD_CHARACTER_SET_CLIENT=@@CHARACTER_SET_CLIENT */;
/*!40101 SET @OLD_CHARACTER_SET_RESULTS=@@CHARACTER_SET_RESULTS */;
/*!40101 SET @OLD_COLLATION_CONNECTION=@@COLLATION_CONNECTION */;
/*!40101 SET NAMES utf8 */;

--
-- Base de datos: `colegiz1_megachorizos`
--

-- --------------------------------------------------------

--
-- Estructura de tabla para la tabla `AuthAssignment`
--

DROP TABLE IF EXISTS `AuthAssignment`;
CREATE TABLE IF NOT EXISTS `AuthAssignment` (
  `itemname` varchar(64) NOT NULL,
  `userid` varchar(64) NOT NULL,
  `bizrule` text,
  `data` text,
  PRIMARY KEY (`itemname`,`userid`)
) ENGINE=InnoDB DEFAULT CHARSET=latin1;

--
-- Volcado de datos para la tabla `AuthAssignment`
--

INSERT INTO `AuthAssignment` (`itemname`, `userid`, `bizrule`, `data`) VALUES
('admin', 'admin', NULL, NULL),
('Admin1', 'jadmin', NULL, NULL);

-- --------------------------------------------------------

--
-- Estructura de tabla para la tabla `AuthItem`
--

DROP TABLE IF EXISTS `AuthItem`;
CREATE TABLE IF NOT EXISTS `AuthItem` (
  `name` varchar(64) NOT NULL,
  `type` int(11) NOT NULL,
  `description` text,
  `bizrule` text,
  `data` text,
  PRIMARY KEY (`name`)
) ENGINE=InnoDB DEFAULT CHARSET=latin1;

--
-- Volcado de datos para la tabla `AuthItem`
--

INSERT INTO `AuthItem` (`name`, `type`, `description`, `bizrule`, `data`) VALUES
('admin', 2, '', NULL, NULL),
('Admin1', 0, NULL, NULL, NULL);

-- --------------------------------------------------------

--
-- Estructura de tabla para la tabla `AuthItemChild`
--

DROP TABLE IF EXISTS `AuthItemChild`;
CREATE TABLE IF NOT EXISTS `AuthItemChild` (
  `parent` varchar(64) NOT NULL,
  `child` varchar(64) NOT NULL,
  PRIMARY KEY (`parent`,`child`),
  KEY `child` (`child`) USING BTREE
) ENGINE=InnoDB DEFAULT CHARSET=latin1;

-- --------------------------------------------------------

--
-- Estructura de tabla para la tabla `ctrl_producciones_trazabilidad`
--

DROP TABLE IF EXISTS `ctrl_producciones_trazabilidad`;
CREATE TABLE IF NOT EXISTS `ctrl_producciones_trazabilidad` (
  `id` int(11) unsigned NOT NULL AUTO_INCREMENT,
  `orden_produccion` int(11) unsigned NOT NULL,
  `fecha` date NOT NULL,
  `producto` int(11) unsigned NOT NULL,
  `responsable` varchar(255) NOT NULL,
  `cant_produccion` tinyint(11) unsigned NOT NULL DEFAULT '1',
  PRIMARY KEY (`id`),
  KEY `lnk_ctrl_producciones_trazabilidad_pruducto` (`producto`) USING BTREE
) ENGINE=InnoDB  DEFAULT CHARSET=utf8 AUTO_INCREMENT=94 ;

--
-- Volcado de datos para la tabla `ctrl_producciones_trazabilidad`
--

INSERT INTO `ctrl_producciones_trazabilidad` (`id`, `orden_produccion`, `fecha`, `producto`, `responsable`, `cant_produccion`) VALUES
(1, 1, '2015-06-08', 13, '23', 3),
(2, 2, '2015-06-08', 41, '23', 8),
(3, 3, '2015-06-08', 41, '23', 6),
(4, 1, '2015-06-09', 43, '23', 1),
(5, 2, '2015-06-09', 6, '23', 6),
(6, 3, '2015-06-09', 6, '23', 6),
(7, 4, '2015-06-09', 7, '23', 1),
(8, 5, '2015-06-16', 13, '23', 3),
(9, 6, '2015-06-09', 41, '23', 8),
(10, 7, '2015-06-09', 41, '23', 2),
(11, 8, '2015-06-09', 61, '23', 2),
(12, 9, '2015-06-09', 31, '23', 2),
(13, 10, '2015-06-09', 32, '23', 2),
(14, 11, '2015-06-09', 52, '23', 1),
(15, 12, '2015-06-09', 60, '23', 3),
(16, 1, '2015-06-10', 6, '23', 6),
(17, 2, '2015-06-10', 6, '23', 6),
(18, 3, '2015-06-10', 43, '23', 6),
(19, 5, '2015-06-10', 50, '23', 2),
(20, 6, '2015-06-10', 13, '23', 3),
(21, 7, '2015-06-17', 41, '23', 8),
(22, 8, '2015-06-10', 51, '23', 15),
(23, 9, '2015-06-10', 52, '23', 2),
(24, 1, '2015-06-17', 54, '23', 2),
(25, 2, '2015-06-10', 6, '23', 6),
(26, 3, '2015-06-10', 6, '23', 5),
(27, 4, '2015-06-10', 43, '23', 6),
(28, 6, '2015-06-10', 15, '23', 1),
(29, 7, '2015-06-10', 54, '23', 1),
(30, 8, '2015-06-11', 50, '23', 2),
(31, 9, '2015-06-11', 13, '23', 3),
(32, 10, '2015-06-11', 41, '23', 8),
(33, 11, '2015-06-11', 41, '23', 5),
(34, 12, '2015-06-11', 59, '23', 1),
(35, 14, '2015-06-17', 56, '23', 4),
(36, 15, '2015-06-11', 57, '23', 2),
(37, 1, '2015-06-12', 43, '23', 6),
(38, 2, '2015-06-12', 43, '23', 5),
(39, 3, '2015-06-12', 6, '23', 7),
(40, 4, '2015-06-12', 4, '23', 2),
(41, 5, '2015-06-12', 3, '23', 2),
(42, 6, '2015-06-12', 7, '23', 1),
(43, 8, '2015-06-12', 50, '23', 2),
(44, 9, '2015-06-12', 13, '23', 5),
(45, 10, '2015-06-12', 41, '23', 8),
(46, 11, '2015-06-12', 41, '23', 6),
(47, 12, '2015-06-12', 60, '23', 2),
(48, 1, '2015-06-15', 13, '23', 3),
(49, 2, '2015-06-15', 41, '23', 8),
(50, 3, '2015-06-15', 41, '23', 6),
(51, 1, '2015-06-16', 43, '23', 6),
(52, 2, '2015-06-16', 6, '23', 2),
(53, 3, '2015-06-16', 6, '23', 6),
(54, 4, '2015-06-16', 7, '23', 1),
(55, 5, '2015-06-16', 1, '23', 2),
(56, 6, '2015-06-16', 50, '23', 2),
(57, 7, '2015-06-16', 13, '23', 3),
(58, 8, '2015-06-16', 41, '23', 8),
(59, 9, '2015-06-16', 41, '23', 4),
(60, 10, '2015-06-16', 16, '23', 4),
(61, 11, '2015-06-16', 52, '23', 2),
(62, 12, '2015-06-16', 60, '23', 1),
(63, 13, '2015-06-16', 56, '23', 6),
(64, 2, '2015-06-17', 6, '23', 6),
(65, 3, '2015-06-17', 6, '23', 6),
(66, 4, '2015-06-17', 43, '23', 7),
(67, 5, '2015-06-17', 3, '23', 2),
(68, 6, '2015-06-17', 50, '23', 2),
(69, 7, '2015-06-17', 13, '23', 2),
(70, 8, '2015-06-17', 41, '23', 8),
(71, 9, '2015-06-19', 61, '23', 2),
(72, 10, '2015-06-17', 31, '23', 2),
(73, 11, '2015-06-17', 51, '23', 15),
(74, 12, '2015-06-17', 57, '23', 1),
(75, 13, '2015-06-17', 60, '23', 1),
(76, 1, '2015-06-18', 43, '23', 6),
(77, 2, '2015-06-18', 6, '23', 6),
(78, 3, '2015-06-18', 6, '23', 6),
(79, 5, '2015-06-18', 50, '23', 2),
(80, 7, '2015-06-18', 13, '23', 4),
(81, 8, '2015-06-18', 41, '23', 8),
(82, 9, '2015-06-18', 41, '23', 3),
(83, 11, '2015-06-18', 52, '23', 5),
(84, 11, '2015-06-18', 52, '23', 1),
(85, 12, '2015-06-18', 60, '23', 3),
(86, 1, '2015-06-19', 6, '23', 6),
(87, 2, '2015-06-19', 43, '23', 8),
(88, 3, '2015-06-19', 7, '23', 1),
(89, 4, '2015-06-19', 47, '23', 1),
(90, 5, '2015-06-19', 50, '23', 1),
(91, 6, '2015-06-19', 13, '23', 4),
(92, 7, '2015-06-19', 41, '23', 8),
(93, 8, '2015-06-19', 41, '23', 4);

-- --------------------------------------------------------

--
-- Estructura de tabla para la tabla `detalle_ctrl_producciones`
--

DROP TABLE IF EXISTS `detalle_ctrl_producciones`;
CREATE TABLE IF NOT EXISTS `detalle_ctrl_producciones` (
  `id` int(11) unsigned NOT NULL AUTO_INCREMENT,
  `tipo` enum('0','1') NOT NULL COMMENT '0 = No carnica\n1 = Carnica\n',
  `lote_interno` varchar(255) DEFAULT NULL,
  `ctrl_producciones_id` int(11) unsigned NOT NULL,
  `cantidad` double(10,2) unsigned NOT NULL,
  `insumo_id` int(11) unsigned NOT NULL,
  `proveedor_id` int(11) unsigned DEFAULT NULL,
  PRIMARY KEY (`id`),
  KEY `lnk_detalle_ctrl_producciones_ctrl_producciones_trazabilidad` (`ctrl_producciones_id`) USING BTREE,
  KEY `lnk_detalle_ctrl_producciones_insumo` (`insumo_id`) USING BTREE,
  KEY `lnk_detalle_ctrl_producciones_proveedor` (`proveedor_id`) USING BTREE
) ENGINE=InnoDB  DEFAULT CHARSET=utf8 AUTO_INCREMENT=1137 ;

--
-- Volcado de datos para la tabla `detalle_ctrl_producciones`
--

INSERT INTO `detalle_ctrl_producciones` (`id`, `tipo`, `lote_interno`, `ctrl_producciones_id`, `cantidad`, `insumo_id`, `proveedor_id`) VALUES
(1, '1', NULL, 1, 2.00, 63, NULL),
(2, '1', NULL, 1, 6.00, 56, NULL),
(3, '1', NULL, 1, 6.00, 28, NULL),
(4, '1', NULL, 1, 9.00, 69, NULL),
(5, '1', NULL, 1, 5.00, 60, NULL),
(6, '1', NULL, 1, 0.00, 40, NULL),
(7, '1', NULL, 1, 6.00, 66, NULL),
(8, '1', NULL, 1, 6.00, 73, NULL),
(9, '1', NULL, 1, 84.00, 5, NULL),
(10, '1', NULL, 1, 3.00, 7, NULL),
(11, '1', NULL, 2, 16.00, 56, NULL),
(12, '1', NULL, 2, 16.00, 28, NULL),
(13, '1', NULL, 2, 14.00, 60, NULL),
(14, '1', NULL, 2, 24.00, 69, NULL),
(15, '1', NULL, 2, 1.00, 40, NULL),
(16, '1', NULL, 2, 8.00, 7, NULL),
(17, '1', NULL, 2, 16.00, 73, NULL),
(18, '1', NULL, 2, 16.00, 66, NULL),
(19, '1', NULL, 2, 224.00, 5, NULL),
(20, '1', NULL, 2, 2.00, 63, NULL),
(21, '1', NULL, 3, 12.00, 56, NULL),
(22, '1', NULL, 3, 12.00, 28, NULL),
(23, '1', NULL, 3, 11.00, 60, NULL),
(24, '1', NULL, 3, 18.00, 69, NULL),
(25, '1', NULL, 3, 1.00, 40, NULL),
(26, '1', NULL, 3, 6.00, 7, NULL),
(27, '1', NULL, 3, 12.00, 73, NULL),
(28, '1', NULL, 3, 12.00, 66, NULL),
(29, '1', NULL, 3, 168.00, 5, NULL),
(30, '1', NULL, 3, 2.00, 63, NULL),
(31, '1', NULL, 4, 2.00, 18, NULL),
(32, '1', NULL, 4, 2.00, 28, NULL),
(33, '1', NULL, 4, 2.00, 60, NULL),
(34, '1', NULL, 4, 3.00, 69, NULL),
(35, '1', NULL, 4, 0.00, 40, NULL),
(36, '1', NULL, 4, 2.00, 56, NULL),
(37, '1', NULL, 4, 33.00, 5, NULL),
(38, '1', NULL, 4, 7.00, 8, NULL),
(39, '1', NULL, 4, 2.00, 73, NULL),
(40, '1', NULL, 4, 2.00, 49, NULL),
(41, '1', NULL, 4, 0.00, 63, NULL),
(42, '1', NULL, 4, 7.00, 7, NULL),
(43, '1', NULL, 5, 12.00, 28, NULL),
(44, '1', NULL, 5, 11.00, 60, NULL),
(45, '1', NULL, 5, 20.00, 69, NULL),
(46, '1', NULL, 5, 1.00, 40, NULL),
(47, '1', NULL, 5, 12.00, 56, NULL),
(48, '1', NULL, 5, 12.00, 49, NULL),
(49, '1', NULL, 5, 39.00, 7, NULL),
(50, '1', NULL, 5, 39.00, 8, NULL),
(51, '1', NULL, 5, 198.00, 5, NULL),
(52, '1', NULL, 5, 12.00, 73, NULL),
(53, '1', NULL, 5, 2.00, 63, NULL),
(54, '1', NULL, 5, 12.00, 18, NULL),
(55, '1', NULL, 6, 12.00, 28, NULL),
(56, '1', NULL, 6, 11.00, 60, NULL),
(57, '1', NULL, 6, 20.00, 69, NULL),
(58, '1', NULL, 6, 1.00, 40, NULL),
(59, '1', NULL, 6, 12.00, 56, NULL),
(60, '1', NULL, 6, 12.00, 49, NULL),
(61, '1', NULL, 6, 39.00, 7, NULL),
(62, '1', NULL, 6, 39.00, 8, NULL),
(63, '1', NULL, 6, 198.00, 5, NULL),
(64, '1', NULL, 6, 12.00, 73, NULL),
(65, '1', NULL, 6, 2.00, 63, NULL),
(66, '1', NULL, 6, 12.00, 18, NULL),
(67, '1', NULL, 7, 2.00, 28, NULL),
(68, '1', NULL, 7, 2.00, 60, NULL),
(69, '1', NULL, 7, 25.00, 23, NULL),
(70, '1', NULL, 7, 0.00, 40, NULL),
(71, '1', NULL, 7, 2.00, 81, NULL),
(72, '1', NULL, 7, 2.00, 49, NULL),
(73, '1', NULL, 7, 7.00, 7, NULL),
(74, '1', NULL, 7, 7.00, 8, NULL),
(75, '1', NULL, 7, 33.00, 5, NULL),
(76, '1', NULL, 7, 2.00, 73, NULL),
(77, '1', NULL, 7, 0.00, 63, NULL),
(78, '1', NULL, 7, 2.00, 18, NULL),
(79, '1', NULL, 8, 2.00, 63, NULL),
(80, '1', NULL, 8, 6.00, 56, NULL),
(81, '1', NULL, 8, 6.00, 28, NULL),
(82, '1', NULL, 8, 9.00, 69, NULL),
(83, '1', NULL, 8, 5.00, 60, NULL),
(84, '1', NULL, 8, 0.00, 40, NULL),
(85, '1', NULL, 8, 6.00, 66, NULL),
(86, '1', NULL, 8, 6.00, 73, NULL),
(87, '1', NULL, 8, 84.00, 5, NULL),
(88, '1', NULL, 8, 3.00, 7, NULL),
(89, '1', NULL, 9, 16.00, 56, NULL),
(90, '1', NULL, 9, 16.00, 28, NULL),
(91, '1', NULL, 9, 14.00, 60, NULL),
(92, '1', NULL, 9, 24.00, 69, NULL),
(93, '1', NULL, 9, 1.00, 40, NULL),
(94, '1', NULL, 9, 8.00, 7, NULL),
(95, '1', NULL, 9, 16.00, 73, NULL),
(96, '1', NULL, 9, 16.00, 66, NULL),
(97, '1', NULL, 9, 224.00, 5, NULL),
(98, '1', NULL, 9, 2.00, 63, NULL),
(99, '1', NULL, 10, 4.00, 56, NULL),
(100, '1', NULL, 10, 4.00, 28, NULL),
(101, '1', NULL, 10, 4.00, 60, NULL),
(102, '1', NULL, 10, 6.00, 69, NULL),
(103, '1', NULL, 10, 0.00, 40, NULL),
(104, '1', NULL, 10, 2.00, 7, NULL),
(105, '1', NULL, 10, 4.00, 73, NULL),
(106, '1', NULL, 10, 4.00, 66, NULL),
(107, '1', NULL, 10, 56.00, 5, NULL),
(108, '1', NULL, 10, 1.00, 63, NULL),
(109, '1', NULL, 11, 1.00, 58, NULL),
(110, '1', NULL, 11, 1.00, 28, NULL),
(111, '1', NULL, 11, 0.00, 94, NULL),
(112, '1', NULL, 11, 0.00, 8, NULL),
(113, '1', NULL, 11, 0.00, 63, NULL),
(114, '1', NULL, 11, 2.00, 51, NULL),
(115, '1', NULL, 11, 8.00, 38, NULL),
(116, '1', NULL, 12, 1.00, 58, NULL),
(117, '1', NULL, 12, 1.00, 28, NULL),
(118, '1', NULL, 12, 0.00, 94, NULL),
(119, '1', NULL, 12, 0.00, 8, NULL),
(120, '1', NULL, 12, 0.00, 63, NULL),
(121, '1', NULL, 12, 2.00, 51, NULL),
(122, '1', NULL, 12, 4.00, 38, NULL),
(123, '1', NULL, 12, 6.00, 5, NULL),
(124, '1', NULL, 13, 1.00, 60, NULL),
(125, '1', NULL, 13, 1.00, 28, NULL),
(126, '1', NULL, 13, 4.00, 81, NULL),
(127, '1', NULL, 13, 2.00, 11, NULL),
(128, '1', NULL, 13, 2.00, 10, NULL),
(129, '1', NULL, 13, 0.00, 63, NULL),
(130, '1', NULL, 13, 12.00, 5, NULL),
(131, '1', NULL, 13, 8.00, 38, NULL),
(132, '1', NULL, 14, 90.00, 14, NULL),
(133, '1', NULL, 14, 10.00, 46, NULL),
(134, '1', NULL, 14, 16.00, 50, NULL),
(135, '1', NULL, 14, 1.00, 60, NULL),
(136, '1', NULL, 14, 4.00, 28, NULL),
(137, '1', NULL, 14, 4.00, 81, NULL),
(138, '1', NULL, 14, 12.00, 10, NULL),
(139, '1', NULL, 14, 0.00, 35, NULL),
(140, '1', NULL, 14, 0.00, 68, NULL),
(141, '1', NULL, 14, 16.00, 5, NULL),
(142, '1', NULL, 14, 9.00, 38, NULL),
(143, '1', NULL, 15, 10.00, 60, NULL),
(144, '1', NULL, 15, 24.00, 28, NULL),
(145, '1', NULL, 15, 1.00, 35, NULL),
(146, '1', NULL, 15, 0.00, 68, NULL),
(147, '1', NULL, 15, 36.00, 5, NULL),
(148, '1', NULL, 16, 240.00, 74, 7),
(149, '1', NULL, 16, 240.00, 14, 10),
(150, '1', NULL, 17, 240.00, 74, 7),
(151, '1', NULL, 17, 240.00, 14, 10),
(152, '1', NULL, 18, 480.00, 74, 7),
(153, '1', NULL, 19, 70.00, 78, 11),
(154, '1', NULL, 19, 40.00, 14, 10),
(155, '1', NULL, 20, 70.00, 14, 26),
(156, '1', NULL, 20, 35.00, 14, 10),
(157, '1', NULL, 20, 105.00, 74, 4),
(158, '1', NULL, 20, 60.00, 75, 4),
(159, '1', NULL, 20, 60.00, 31, 3),
(160, '0', NULL, 20, 1.50, 63, NULL),
(161, '0', NULL, 20, 6.00, 56, NULL),
(162, '0', NULL, 20, 6.00, 28, NULL),
(163, '0', NULL, 20, 9.00, 69, NULL),
(164, '0', NULL, 20, 5.40, 60, NULL),
(165, '0', NULL, 20, 0.30, 40, NULL),
(166, '0', NULL, 20, 6.00, 66, NULL),
(167, '0', NULL, 20, 6.00, 73, NULL),
(168, '0', NULL, 20, 84.00, 5, NULL),
(169, '0', NULL, 20, 3.00, 7, NULL),
(170, '1', NULL, 21, 312.00, 74, 28),
(171, '1', NULL, 21, 54.00, 74, 4),
(172, '1', NULL, 21, 154.00, 74, 4),
(173, '1', NULL, 21, 160.00, 31, 3),
(174, '1', NULL, 21, 232.00, 75, 4),
(175, '1', NULL, 21, 8.00, 75, 7),
(176, '0', NULL, 21, 16.00, 56, NULL),
(177, '0', NULL, 21, 16.00, 28, NULL),
(178, '0', NULL, 21, 14.40, 60, NULL),
(179, '0', NULL, 21, 24.00, 69, NULL),
(180, '0', NULL, 21, 0.80, 40, NULL),
(181, '0', NULL, 21, 8.00, 7, NULL),
(182, '0', NULL, 21, 16.00, 73, NULL),
(183, '0', NULL, 21, 16.00, 66, NULL),
(184, '0', NULL, 21, 224.00, 5, NULL),
(185, '0', NULL, 21, 2.40, 63, NULL),
(186, '1', NULL, 22, 75.00, 74, 4),
(187, '1', NULL, 22, 45.00, 14, 14),
(188, '1', NULL, 22, 45.00, 31, 14),
(189, '0', NULL, 22, 4.50, 60, NULL),
(190, '0', NULL, 22, 7.50, 28, NULL),
(191, '0', NULL, 22, 22.50, 81, NULL),
(192, '0', NULL, 22, 15.00, 11, NULL),
(193, '0', NULL, 22, 22.50, 10, NULL),
(194, '0', NULL, 22, 1.20, 63, NULL),
(195, '0', NULL, 22, 90.00, 5, NULL),
(196, '0', NULL, 22, 60.00, 38, NULL),
(197, '1', NULL, 23, 20.00, 31, 14),
(198, '0', NULL, 23, 180.00, 14, NULL),
(199, '0', NULL, 23, 20.00, 46, NULL),
(200, '0', NULL, 23, 32.00, 50, NULL),
(201, '0', NULL, 23, 2.40, 60, NULL),
(202, '0', NULL, 23, 7.00, 28, NULL),
(203, '0', NULL, 23, 8.00, 81, NULL),
(204, '0', NULL, 23, 24.00, 10, NULL),
(205, '0', NULL, 23, 0.40, 35, NULL),
(206, '0', NULL, 23, 0.12, 68, NULL),
(207, '0', NULL, 23, 32.00, 5, NULL),
(208, '0', NULL, 23, 18.00, 38, NULL),
(209, '1', NULL, 24, 175.00, 74, 7),
(210, '0', NULL, 24, 24.00, 6, NULL),
(211, '0', NULL, 24, 4.00, 56, NULL),
(212, '0', NULL, 24, 4.00, 73, NULL),
(213, '0', NULL, 24, 0.60, 63, NULL),
(214, '0', NULL, 24, 50.00, 5, NULL),
(215, '0', NULL, 24, 0.20, 40, NULL),
(216, '0', NULL, 24, 3.60, 60, NULL),
(217, '0', NULL, 24, 4.00, 28, NULL),
(218, '0', NULL, 24, 1.00, 20, NULL),
(219, '0', NULL, 24, 0.60, 49, NULL),
(220, '1', NULL, 25, 90.00, 74, 7),
(221, '1', NULL, 25, 150.00, 74, 7),
(222, '1', NULL, 25, 167.00, 14, 10),
(223, '1', NULL, 25, 61.00, 14, 14),
(224, '1', NULL, 25, 12.00, 31, 64),
(225, '1', NULL, 26, 200.00, 74, 7),
(226, '1', NULL, 26, 184.00, 14, 26),
(227, '1', NULL, 27, 156.00, 78, 11),
(228, '1', NULL, 27, 284.00, 74, 7),
(229, '1', NULL, 28, 55.00, 31, 64),
(230, '1', NULL, 28, 25.00, 14, 26),
(231, '1', NULL, 29, 140.00, 74, 7),
(232, '1', NULL, 29, 20.00, 75, 4),
(233, '1', NULL, 29, 40.00, 31, 14),
(234, '0', NULL, 29, 12.00, 6, NULL),
(235, '0', NULL, 29, 2.00, 56, NULL),
(236, '0', NULL, 29, 2.00, 73, NULL),
(237, '0', NULL, 29, 0.30, 63, NULL),
(238, '0', NULL, 29, 25.00, 5, NULL),
(239, '0', NULL, 29, 0.10, 40, NULL),
(240, '0', NULL, 29, 1.80, 60, NULL),
(241, '0', NULL, 29, 2.00, 28, NULL),
(242, '0', NULL, 29, 0.50, 20, NULL),
(243, '0', NULL, 29, 0.30, 49, NULL),
(244, '1', NULL, 30, 66.00, 78, 11),
(245, '1', NULL, 30, 44.00, 31, 64),
(246, '1', NULL, 30, 20.00, 75, 7),
(247, '1', NULL, 30, 20.00, 31, 14),
(248, '0', NULL, 30, 2.00, 73, NULL),
(249, '0', NULL, 30, 6.00, 56, NULL),
(250, '0', NULL, 30, 2.00, 66, NULL),
(251, '0', NULL, 30, 12.00, 57, NULL),
(252, '0', NULL, 30, 6.00, 43, NULL),
(253, '0', NULL, 30, 12.00, 8, NULL),
(254, '0', NULL, 30, 10.00, 18, NULL),
(255, '0', NULL, 30, 80.00, 5, NULL),
(256, '0', NULL, 30, 10.00, 28, NULL),
(257, '0', NULL, 30, 0.20, 40, NULL),
(258, '0', NULL, 30, 2.00, 60, NULL),
(259, '0', NULL, 30, 1.06, 54, NULL),
(260, '0', NULL, 30, 10.00, 49, NULL),
(261, '1', NULL, 31, 105.00, 74, 23),
(262, '1', NULL, 31, 105.00, 14, 26),
(263, '1', NULL, 31, 60.00, 75, 4),
(264, '1', NULL, 31, 7.00, 31, 14),
(265, '1', NULL, 31, 53.00, 31, 9),
(266, '0', NULL, 31, 1.50, 63, NULL),
(267, '0', NULL, 31, 6.00, 56, NULL),
(268, '0', NULL, 31, 6.00, 28, NULL),
(269, '0', NULL, 31, 9.00, 69, NULL),
(270, '0', NULL, 31, 5.40, 60, NULL),
(271, '0', NULL, 31, 0.30, 40, NULL),
(272, '0', NULL, 31, 6.00, 66, NULL),
(273, '0', NULL, 31, 6.00, 73, NULL),
(274, '0', NULL, 31, 84.00, 5, NULL),
(275, '0', NULL, 31, 3.00, 7, NULL),
(276, '1', NULL, 32, 285.00, 74, 23),
(277, '1', NULL, 32, 215.00, 74, 4),
(278, '1', NULL, 32, 20.00, 74, 28),
(279, '1', NULL, 32, 67.00, 75, 4),
(280, '1', NULL, 32, 173.00, 75, 7),
(281, '1', NULL, 32, 66.00, 31, 53),
(282, '1', NULL, 32, 57.00, 31, 3),
(283, '1', NULL, 32, 37.00, 31, 14),
(284, '0', NULL, 32, 16.00, 56, NULL),
(285, '0', NULL, 32, 16.00, 28, NULL),
(286, '0', NULL, 32, 14.40, 60, NULL),
(287, '0', NULL, 32, 24.00, 69, NULL),
(288, '0', NULL, 32, 0.80, 40, NULL),
(289, '0', NULL, 32, 8.00, 7, NULL),
(290, '0', NULL, 32, 16.00, 73, NULL),
(291, '0', NULL, 32, 16.00, 66, NULL),
(292, '0', NULL, 32, 224.00, 5, NULL),
(293, '0', NULL, 32, 2.40, 63, NULL),
(294, '1', NULL, 33, 120.00, 74, 28),
(295, '1', NULL, 33, 191.00, 74, 4),
(296, '1', NULL, 33, 14.00, 74, 23),
(297, '1', NULL, 33, 64.00, 75, 7),
(298, '1', NULL, 33, 86.00, 75, 4),
(299, '1', NULL, 33, 100.00, 31, 14),
(300, '0', NULL, 33, 10.00, 56, NULL),
(301, '0', NULL, 33, 10.00, 28, NULL),
(302, '0', NULL, 33, 9.00, 60, NULL),
(303, '0', NULL, 33, 15.00, 69, NULL),
(304, '0', NULL, 33, 0.50, 40, NULL),
(305, '0', NULL, 33, 5.00, 7, NULL),
(306, '0', NULL, 33, 10.00, 73, NULL),
(307, '0', NULL, 33, 10.00, 66, NULL),
(308, '0', NULL, 33, 140.00, 5, NULL),
(309, '0', NULL, 33, 1.50, 63, NULL),
(310, '1', NULL, 34, 15.00, 74, 28),
(311, '1', NULL, 34, 15.00, 31, 64),
(312, '1', NULL, 34, 8.00, 31, 14),
(313, '0', NULL, 34, 0.60, 60, NULL),
(314, '0', NULL, 34, 0.50, 28, NULL),
(315, '0', NULL, 34, 2.00, 81, NULL),
(316, '0', NULL, 34, 1.00, 11, NULL),
(317, '0', NULL, 34, 1.00, 8, NULL),
(318, '0', NULL, 34, 0.16, 63, NULL),
(319, '0', NULL, 34, 6.00, 5, NULL),
(320, '0', NULL, 34, 4.00, 38, NULL),
(321, '1', NULL, 35, 48.00, 74, 28),
(322, '0', NULL, 35, 1.20, 60, NULL),
(323, '0', NULL, 35, 4.00, 81, NULL),
(324, '0', NULL, 35, 16.00, 10, NULL),
(325, '0', NULL, 35, 0.32, 63, NULL),
(326, '0', NULL, 35, 24.00, 5, NULL),
(327, '0', NULL, 35, 24.00, 38, NULL),
(328, '1', NULL, 36, 24.00, 52, 51),
(329, '1', NULL, 36, 8.00, 31, 14),
(330, '0', NULL, 36, 0.60, 60, NULL),
(331, '0', NULL, 36, 2.00, 81, NULL),
(332, '0', NULL, 36, 8.00, 6, NULL),
(333, '0', NULL, 36, 0.16, 63, NULL),
(334, '0', NULL, 36, 14.00, 38, NULL),
(335, '1', NULL, 37, 480.00, 74, 7),
(336, '1', NULL, 38, 400.00, 74, 7),
(337, '1', NULL, 38, 15.00, 31, 9),
(338, '1', NULL, 38, 85.00, 31, 13),
(339, '0', NULL, 38, 10.00, 18, NULL),
(340, '0', NULL, 38, 10.00, 28, NULL),
(341, '0', NULL, 38, 9.00, 60, NULL),
(342, '0', NULL, 38, 15.00, 69, NULL),
(343, '0', NULL, 38, 0.50, 40, NULL),
(344, '0', NULL, 38, 10.00, 56, NULL),
(345, '0', NULL, 38, 165.00, 5, NULL),
(346, '0', NULL, 38, 32.50, 8, NULL),
(347, '0', NULL, 38, 10.00, 73, NULL),
(348, '0', NULL, 38, 10.00, 49, NULL),
(349, '0', NULL, 38, 1.50, 63, NULL),
(350, '0', NULL, 38, 32.50, 7, NULL),
(351, '1', NULL, 39, 100.00, 74, 7),
(352, '1', NULL, 39, 160.00, 78, 11),
(353, '1', NULL, 39, 271.00, 14, 26),
(354, '1', NULL, 39, 27.00, 31, 13),
(355, '1', NULL, 39, 133.00, 31, 9),
(356, '0', NULL, 39, 14.00, 28, NULL),
(357, '0', NULL, 39, 12.60, 60, NULL),
(358, '0', NULL, 39, 23.10, 69, NULL),
(359, '0', NULL, 39, 0.70, 40, NULL),
(360, '0', NULL, 39, 14.00, 56, NULL),
(361, '0', NULL, 39, 14.00, 49, NULL),
(362, '0', NULL, 39, 45.50, 7, NULL),
(363, '0', NULL, 39, 45.50, 8, NULL),
(364, '0', NULL, 39, 231.00, 5, NULL),
(365, '0', NULL, 39, 14.00, 73, NULL),
(366, '0', NULL, 39, 2.10, 63, NULL),
(367, '0', NULL, 39, 14.00, 18, NULL),
(368, '1', NULL, 40, 80.00, 14, 47),
(369, '1', NULL, 40, 20.00, 31, 9),
(370, '0', NULL, 40, 4.00, 28, NULL),
(371, '0', NULL, 40, 2.40, 58, NULL),
(372, '0', NULL, 40, 5.40, 41, NULL),
(373, '0', NULL, 40, 0.20, 40, NULL),
(374, '0', NULL, 40, 4.00, 81, NULL),
(375, '0', NULL, 40, 28.00, 5, NULL),
(376, '0', NULL, 40, 4.00, 73, NULL),
(377, '0', NULL, 40, 0.72, 54, NULL),
(378, '0', NULL, 40, 2.00, 22, NULL),
(379, '1', NULL, 41, 80.00, 14, 47),
(380, '1', NULL, 41, 80.00, 78, 11),
(381, '1', NULL, 41, 50.00, 74, 4),
(382, '1', NULL, 41, 40.00, 31, 13),
(383, '0', NULL, 41, 52.00, 6, NULL),
(384, '0', NULL, 41, 8.00, 56, NULL),
(385, '0', NULL, 41, 8.00, 73, NULL),
(386, '0', NULL, 41, 2.20, 54, NULL),
(387, '0', NULL, 41, 132.00, 5, NULL),
(388, '0', NULL, 41, 4.00, 60, NULL),
(389, '0', NULL, 41, 12.40, 28, NULL),
(390, '0', NULL, 41, 10.00, 49, NULL),
(391, '0', NULL, 41, 10.00, 18, NULL),
(392, '0', NULL, 41, 10.00, 49, NULL),
(393, '0', NULL, 41, 0.40, 40, NULL),
(394, '0', NULL, 41, 1.10, 54, NULL),
(395, '0', NULL, 41, 5.00, 18, NULL),
(396, '0', NULL, 41, 5.00, 49, NULL),
(397, '1', NULL, 42, 40.00, 14, 7),
(398, '1', NULL, 42, 40.00, 14, 26),
(399, '1', NULL, 42, 20.00, 31, 9),
(400, '0', NULL, 42, 2.00, 28, NULL),
(401, '0', NULL, 42, 1.80, 60, NULL),
(402, '0', NULL, 42, 25.00, 23, NULL),
(403, '0', NULL, 42, 0.10, 40, NULL),
(404, '0', NULL, 42, 2.00, 81, NULL),
(405, '0', NULL, 42, 2.00, 49, NULL),
(406, '0', NULL, 42, 6.50, 7, NULL),
(407, '0', NULL, 42, 6.50, 8, NULL),
(408, '0', NULL, 42, 33.00, 5, NULL),
(409, '0', NULL, 42, 2.00, 73, NULL),
(410, '0', NULL, 42, 0.30, 63, NULL),
(411, '0', NULL, 42, 2.00, 18, NULL),
(412, '1', NULL, 43, 7.00, 78, 11),
(413, '1', NULL, 43, 63.00, 78, 11),
(414, '1', NULL, 43, 40.00, 14, 47),
(415, '1', NULL, 43, 20.00, 75, 4),
(416, '0', NULL, 43, 2.00, 73, NULL),
(417, '0', NULL, 43, 6.00, 56, NULL),
(418, '0', NULL, 43, 2.00, 66, NULL),
(419, '0', NULL, 43, 12.00, 57, NULL),
(420, '0', NULL, 43, 6.00, 43, NULL),
(421, '0', NULL, 43, 12.00, 8, NULL),
(422, '0', NULL, 43, 10.00, 18, NULL),
(423, '0', NULL, 43, 80.00, 5, NULL),
(424, '0', NULL, 43, 10.00, 28, NULL),
(425, '0', NULL, 43, 0.20, 40, NULL),
(426, '0', NULL, 43, 2.00, 60, NULL),
(427, '0', NULL, 43, 1.06, 54, NULL),
(428, '0', NULL, 43, 10.00, 49, NULL),
(429, '1', NULL, 44, 129.00, 74, 23),
(430, '1', NULL, 44, 46.00, 74, 28),
(431, '1', NULL, 44, 43.00, 14, 26),
(432, '1', NULL, 44, 132.00, 31, 64),
(433, '1', NULL, 44, 24.00, 14, 47),
(434, '1', NULL, 44, 100.00, 75, 4),
(435, '1', NULL, 44, 7.00, 31, 64),
(436, '1', NULL, 44, 93.00, 31, 13),
(437, '0', NULL, 44, 2.50, 63, NULL),
(438, '0', NULL, 44, 10.00, 56, NULL),
(439, '0', NULL, 44, 10.00, 28, NULL),
(440, '0', NULL, 44, 15.00, 69, NULL),
(441, '0', NULL, 44, 9.00, 60, NULL),
(442, '0', NULL, 44, 0.50, 40, NULL),
(443, '0', NULL, 44, 10.00, 66, NULL),
(444, '0', NULL, 44, 10.00, 73, NULL),
(445, '0', NULL, 44, 140.00, 5, NULL),
(446, '0', NULL, 44, 5.00, 7, NULL),
(447, '1', NULL, 45, 112.00, 74, 28),
(448, '1', NULL, 45, 408.00, 74, 6),
(449, '1', NULL, 45, 240.00, 75, 7),
(450, '1', NULL, 45, 160.00, 31, 9),
(451, '0', NULL, 45, 16.00, 56, NULL),
(452, '0', NULL, 45, 16.00, 28, NULL),
(453, '0', NULL, 45, 14.40, 60, NULL),
(454, '0', NULL, 45, 24.00, 69, NULL),
(455, '0', NULL, 45, 0.80, 40, NULL),
(456, '0', NULL, 45, 8.00, 7, NULL),
(457, '0', NULL, 45, 16.00, 73, NULL),
(458, '0', NULL, 45, 16.00, 66, NULL),
(459, '0', NULL, 45, 224.00, 5, NULL),
(460, '0', NULL, 45, 2.40, 63, NULL),
(461, '1', NULL, 46, 113.00, 74, 6),
(462, '1', NULL, 46, 223.00, 74, 28),
(463, '1', NULL, 46, 54.00, 74, 23),
(464, '1', NULL, 46, 41.00, 75, 7),
(465, '1', NULL, 46, 130.00, 75, 7),
(466, '1', NULL, 46, 9.00, 75, 4),
(467, '1', NULL, 46, 5.00, 31, 9),
(468, '1', NULL, 46, 115.00, 31, 13),
(469, '0', NULL, 46, 12.00, 56, NULL),
(470, '0', NULL, 46, 12.00, 28, NULL),
(471, '0', NULL, 46, 10.80, 60, NULL),
(472, '0', NULL, 46, 18.00, 69, NULL),
(473, '0', NULL, 46, 0.60, 40, NULL),
(474, '0', NULL, 46, 6.00, 7, NULL),
(475, '0', NULL, 46, 12.00, 73, NULL),
(476, '0', NULL, 46, 12.00, 66, NULL),
(477, '0', NULL, 46, 168.00, 5, NULL),
(478, '0', NULL, 46, 1.80, 63, NULL),
(479, '1', NULL, 47, 208.00, 76, 49),
(480, '1', NULL, 47, 87.00, 76, 3),
(481, '1', NULL, 47, 105.00, 76, 3),
(482, '1', NULL, 47, 120.00, 31, 50),
(483, '0', NULL, 47, 6.80, 60, NULL),
(484, '0', NULL, 47, 16.00, 28, NULL),
(485, '0', NULL, 47, 0.40, 35, NULL),
(486, '0', NULL, 47, 0.32, 68, NULL),
(487, '0', NULL, 47, 24.00, 5, NULL),
(488, '1', NULL, 48, 105.00, 74, 4),
(489, '1', NULL, 48, 89.00, 14, 47),
(490, '1', NULL, 48, 16.00, 14, 14),
(491, '1', NULL, 48, 60.00, 75, 7),
(492, '1', NULL, 48, 9.00, 31, 50),
(493, '0', NULL, 48, 1.50, 63, NULL),
(494, '0', NULL, 48, 6.00, 56, NULL),
(495, '0', NULL, 48, 6.00, 28, NULL),
(496, '0', NULL, 48, 9.00, 69, NULL),
(497, '0', NULL, 48, 5.40, 60, NULL),
(498, '0', NULL, 48, 0.30, 40, NULL),
(499, '0', NULL, 48, 6.00, 66, NULL),
(500, '0', NULL, 48, 6.00, 73, NULL),
(501, '0', NULL, 48, 84.00, 5, NULL),
(502, '0', NULL, 48, 3.00, 7, NULL),
(503, '1', NULL, 49, 130.00, 74, 23),
(504, '1', NULL, 49, 390.00, 74, 28),
(505, '1', NULL, 49, 240.00, 75, 7),
(506, '0', NULL, 49, 16.00, 56, NULL),
(507, '0', NULL, 49, 16.00, 28, NULL),
(508, '0', NULL, 49, 14.40, 60, NULL),
(509, '0', NULL, 49, 24.00, 69, NULL),
(510, '0', NULL, 49, 0.80, 40, NULL),
(511, '0', NULL, 49, 8.00, 7, NULL),
(512, '0', NULL, 49, 16.00, 73, NULL),
(513, '0', NULL, 49, 16.00, 66, NULL),
(514, '0', NULL, 49, 224.00, 5, NULL),
(515, '0', NULL, 49, 2.40, 63, NULL),
(516, '1', NULL, 50, 257.00, 74, 4),
(517, '1', NULL, 50, 133.00, 74, 28),
(518, '1', NULL, 50, 180.00, 75, 7),
(519, '0', NULL, 50, 12.00, 56, NULL),
(520, '0', NULL, 50, 12.00, 28, NULL),
(521, '0', NULL, 50, 10.80, 60, NULL),
(522, '0', NULL, 50, 18.00, 69, NULL),
(523, '0', NULL, 50, 0.60, 40, NULL),
(524, '0', NULL, 50, 6.00, 7, NULL),
(525, '0', NULL, 50, 12.00, 73, NULL),
(526, '0', NULL, 50, 12.00, 66, NULL),
(527, '0', NULL, 50, 168.00, 5, NULL),
(528, '0', NULL, 50, 1.80, 63, NULL),
(529, '1', NULL, 51, 369.00, 74, 7),
(530, '1', NULL, 51, 111.00, 74, 7),
(531, '1', NULL, 51, 120.00, 31, 50),
(532, '0', NULL, 51, 12.00, 18, NULL),
(533, '0', NULL, 51, 12.00, 28, NULL),
(534, '0', NULL, 51, 10.80, 60, NULL),
(535, '0', NULL, 51, 18.00, 69, NULL),
(536, '0', NULL, 51, 0.60, 40, NULL),
(537, '0', NULL, 51, 12.00, 56, NULL),
(538, '0', NULL, 51, 198.00, 5, NULL),
(539, '0', NULL, 51, 39.00, 8, NULL),
(540, '0', NULL, 51, 12.00, 73, NULL),
(541, '0', NULL, 51, 12.00, 49, NULL),
(542, '0', NULL, 51, 1.80, 63, NULL),
(543, '0', NULL, 51, 39.00, 7, NULL),
(544, '1', NULL, 52, 240.00, 74, 7),
(545, '1', NULL, 52, 240.00, 31, 64),
(546, '1', NULL, 52, 120.00, 31, 50),
(547, '0', NULL, 52, 4.00, 28, NULL),
(548, '0', NULL, 52, 3.60, 60, NULL),
(549, '0', NULL, 52, 6.60, 69, NULL),
(550, '0', NULL, 52, 0.20, 40, NULL),
(551, '0', NULL, 52, 4.00, 56, NULL),
(552, '0', NULL, 52, 4.00, 49, NULL),
(553, '0', NULL, 52, 13.00, 7, NULL),
(554, '0', NULL, 52, 13.00, 8, NULL),
(555, '0', NULL, 52, 66.00, 5, NULL),
(556, '0', NULL, 52, 4.00, 73, NULL),
(557, '0', NULL, 52, 0.60, 63, NULL),
(558, '0', NULL, 52, 4.00, 18, NULL),
(559, '1', NULL, 53, 240.00, 14, 14),
(560, '1', NULL, 53, 238.00, 74, 7),
(561, '1', NULL, 53, 34.00, 31, 64),
(562, '1', NULL, 53, 104.00, 65, 54),
(563, '1', NULL, 53, 36.00, 31, 64),
(564, '1', NULL, 53, 84.00, 31, 50),
(565, '0', NULL, 53, 12.00, 28, NULL),
(566, '0', NULL, 53, 10.80, 60, NULL),
(567, '0', NULL, 53, 19.80, 69, NULL),
(568, '0', NULL, 53, 0.60, 40, NULL),
(569, '0', NULL, 53, 12.00, 56, NULL),
(570, '0', NULL, 53, 12.00, 49, NULL),
(571, '0', NULL, 53, 39.00, 7, NULL),
(572, '0', NULL, 53, 39.00, 8, NULL),
(573, '0', NULL, 53, 198.00, 5, NULL),
(574, '0', NULL, 53, 12.00, 73, NULL),
(575, '0', NULL, 53, 1.80, 63, NULL),
(576, '0', NULL, 53, 12.00, 18, NULL),
(577, '1', NULL, 54, 30.00, 31, 64),
(578, '1', NULL, 54, 40.00, 74, 7),
(579, '1', NULL, 54, 20.00, 31, 50),
(580, '0', NULL, 54, 2.00, 28, NULL),
(581, '0', NULL, 54, 1.80, 60, NULL),
(582, '0', NULL, 54, 25.00, 23, NULL),
(583, '0', NULL, 54, 0.10, 40, NULL),
(584, '0', NULL, 54, 2.00, 81, NULL),
(585, '0', NULL, 54, 2.00, 49, NULL),
(586, '0', NULL, 54, 6.50, 7, NULL),
(587, '0', NULL, 54, 6.50, 8, NULL),
(588, '0', NULL, 54, 33.00, 5, NULL),
(589, '0', NULL, 54, 2.00, 73, NULL),
(590, '0', NULL, 54, 0.30, 63, NULL),
(591, '0', NULL, 54, 2.00, 18, NULL),
(592, '1', NULL, 55, 140.00, 65, 54),
(593, '1', NULL, 55, 31.00, 31, 9),
(594, '1', NULL, 55, 9.00, 31, 64),
(595, '0', NULL, 55, 5.00, 49, NULL),
(596, '0', NULL, 55, 4.00, 28, NULL),
(597, '0', NULL, 55, 3.60, 60, NULL),
(598, '0', NULL, 55, 68.00, 23, NULL),
(599, '0', NULL, 55, 0.20, 40, NULL),
(600, '0', NULL, 55, 4.00, 81, NULL),
(601, '0', NULL, 55, 6.00, 73, NULL),
(602, '0', NULL, 55, 2.00, 57, NULL),
(603, '0', NULL, 55, 48.00, 5, NULL),
(604, '0', NULL, 55, 20.00, 8, NULL),
(605, '0', NULL, 55, 3.00, 18, NULL),
(606, '0', NULL, 55, 0.98, 54, NULL),
(607, '0', NULL, 55, 780.00, 13, NULL),
(608, '1', NULL, 56, 70.00, 78, 11),
(609, '1', NULL, 56, 40.00, 76, 3),
(610, '1', NULL, 56, 20.00, 75, 7),
(611, '1', NULL, 56, 20.00, 31, 9),
(612, '0', NULL, 56, 2.00, 73, NULL),
(613, '0', NULL, 56, 6.00, 56, NULL),
(614, '0', NULL, 56, 2.00, 66, NULL),
(615, '0', NULL, 56, 12.00, 57, NULL),
(616, '0', NULL, 56, 6.00, 43, NULL),
(617, '0', NULL, 56, 12.00, 8, NULL),
(618, '0', NULL, 56, 10.00, 18, NULL),
(619, '0', NULL, 56, 80.00, 5, NULL),
(620, '0', NULL, 56, 10.00, 28, NULL),
(621, '0', NULL, 56, 0.20, 40, NULL),
(622, '0', NULL, 56, 2.00, 60, NULL),
(623, '0', NULL, 56, 1.06, 54, NULL),
(624, '0', NULL, 56, 10.00, 49, NULL),
(625, '1', NULL, 57, 105.00, 74, 4),
(626, '1', NULL, 57, 105.00, 14, 64),
(627, '1', NULL, 57, 60.00, 75, 7),
(628, '1', NULL, 57, 60.00, 31, 3),
(629, '0', NULL, 57, 1.50, 63, NULL),
(630, '0', NULL, 57, 6.00, 56, NULL),
(631, '0', NULL, 57, 6.00, 28, NULL),
(632, '0', NULL, 57, 9.00, 69, NULL),
(633, '0', NULL, 57, 5.40, 60, NULL),
(634, '0', NULL, 57, 0.30, 40, NULL),
(635, '0', NULL, 57, 6.00, 66, NULL),
(636, '0', NULL, 57, 6.00, 73, NULL),
(637, '0', NULL, 57, 84.00, 5, NULL),
(638, '0', NULL, 57, 3.00, 7, NULL),
(639, '1', NULL, 58, 83.00, 74, 28),
(640, '1', NULL, 58, 296.00, 74, 28),
(641, '1', NULL, 58, 141.00, 74, 4),
(642, '1', NULL, 58, 240.00, 75, 7),
(643, '1', NULL, 58, 160.00, 31, 3),
(644, '0', NULL, 58, 16.00, 56, NULL),
(645, '0', NULL, 58, 16.00, 28, NULL),
(646, '0', NULL, 58, 14.40, 60, NULL),
(647, '0', NULL, 58, 24.00, 69, NULL),
(648, '0', NULL, 58, 0.80, 40, NULL),
(649, '0', NULL, 58, 8.00, 7, NULL),
(650, '0', NULL, 58, 16.00, 73, NULL),
(651, '0', NULL, 58, 16.00, 66, NULL),
(652, '0', NULL, 58, 224.00, 5, NULL),
(653, '0', NULL, 58, 2.40, 63, NULL),
(654, '1', NULL, 59, 186.00, 74, 4),
(655, '1', NULL, 59, 74.00, 74, 4),
(656, '1', NULL, 59, 74.00, 75, 7),
(657, '1', NULL, 59, 6.00, 75, 4),
(658, '1', NULL, 59, 40.00, 75, 7),
(659, '1', NULL, 59, 80.00, 31, 3),
(660, '0', NULL, 59, 8.00, 56, NULL),
(661, '0', NULL, 59, 8.00, 28, NULL),
(662, '0', NULL, 59, 7.20, 60, NULL),
(663, '0', NULL, 59, 12.00, 69, NULL),
(664, '0', NULL, 59, 0.40, 40, NULL),
(665, '0', NULL, 59, 4.00, 7, NULL),
(666, '0', NULL, 59, 8.00, 73, NULL),
(667, '0', NULL, 59, 8.00, 66, NULL),
(668, '0', NULL, 59, 112.00, 5, NULL),
(669, '0', NULL, 59, 1.20, 63, NULL),
(670, '1', NULL, 60, 20.00, 74, 4),
(671, '1', NULL, 60, 20.00, 14, 10),
(672, '1', NULL, 60, 12.00, 31, 3),
(673, '0', NULL, 60, 1.20, 60, NULL),
(674, '0', NULL, 60, 1.52, 28, NULL),
(675, '0', NULL, 60, 8.00, 81, NULL),
(676, '0', NULL, 60, 4.00, 11, NULL),
(677, '0', NULL, 60, 4.00, 10, NULL),
(678, '0', NULL, 60, 0.32, 63, NULL),
(679, '0', NULL, 60, 24.00, 5, NULL),
(680, '0', NULL, 60, 16.00, 38, NULL),
(681, '0', NULL, 60, 1.20, 24, NULL),
(682, '1', NULL, 61, 160.00, 76, 49),
(683, '1', NULL, 61, 40.00, 31, 3),
(684, '0', NULL, 61, 180.00, 14, NULL),
(685, '0', NULL, 61, 20.00, 46, NULL),
(686, '0', NULL, 61, 32.00, 50, NULL),
(687, '0', NULL, 61, 2.40, 60, NULL),
(688, '0', NULL, 61, 7.00, 28, NULL),
(689, '0', NULL, 61, 8.00, 81, NULL),
(690, '0', NULL, 61, 24.00, 10, NULL),
(691, '0', NULL, 61, 0.40, 35, NULL),
(692, '0', NULL, 61, 0.12, 68, NULL),
(693, '0', NULL, 61, 32.00, 5, NULL),
(694, '0', NULL, 61, 18.00, 38, NULL),
(695, '1', NULL, 62, 200.00, 76, 3),
(696, '1', NULL, 62, 60.00, 31, 3),
(697, '0', NULL, 62, 3.40, 60, NULL),
(698, '0', NULL, 62, 8.00, 28, NULL),
(699, '0', NULL, 62, 0.20, 35, NULL),
(700, '0', NULL, 62, 0.16, 68, NULL),
(701, '0', NULL, 62, 12.00, 5, NULL),
(702, '1', NULL, 63, 72.00, 74, 4),
(703, '0', NULL, 63, 1.80, 60, NULL),
(704, '0', NULL, 63, 6.00, 81, NULL),
(705, '0', NULL, 63, 24.00, 10, NULL),
(706, '0', NULL, 63, 0.48, 63, NULL),
(707, '0', NULL, 63, 36.00, 5, NULL),
(708, '0', NULL, 63, 36.00, 38, NULL),
(709, '1', NULL, 64, 240.00, 74, 7),
(710, '1', NULL, 64, 224.00, 14, 64),
(711, '1', NULL, 64, 120.00, 31, 3),
(712, '0', NULL, 64, 12.00, 28, NULL),
(713, '0', NULL, 64, 10.80, 60, NULL),
(714, '0', NULL, 64, 19.80, 69, NULL),
(715, '0', NULL, 64, 0.60, 40, NULL),
(716, '0', NULL, 64, 12.00, 56, NULL),
(717, '0', NULL, 64, 12.00, 49, NULL),
(718, '0', NULL, 64, 39.00, 7, NULL),
(719, '0', NULL, 64, 39.00, 8, NULL),
(720, '0', NULL, 64, 198.00, 5, NULL),
(721, '0', NULL, 64, 12.00, 73, NULL),
(722, '0', NULL, 64, 1.80, 63, NULL),
(723, '0', NULL, 64, 12.00, 18, NULL),
(724, '1', NULL, 65, 240.00, 74, 7),
(725, '1', NULL, 65, 240.00, 14, 64),
(726, '1', NULL, 65, 120.00, 31, 3),
(727, '0', NULL, 65, 12.00, 28, NULL),
(728, '0', NULL, 65, 10.80, 60, NULL),
(729, '0', NULL, 65, 19.80, 69, NULL),
(730, '0', NULL, 65, 0.60, 40, NULL),
(731, '0', NULL, 65, 12.00, 56, NULL),
(732, '0', NULL, 65, 12.00, 49, NULL),
(733, '0', NULL, 65, 39.00, 7, NULL),
(734, '0', NULL, 65, 39.00, 8, NULL),
(735, '0', NULL, 65, 198.00, 5, NULL),
(736, '0', NULL, 65, 12.00, 73, NULL),
(737, '0', NULL, 65, 1.80, 63, NULL),
(738, '0', NULL, 65, 12.00, 18, NULL),
(739, '1', NULL, 66, 515.00, 74, 7),
(740, '1', NULL, 66, 45.00, 74, 7),
(741, '1', NULL, 66, 76.00, 31, 3),
(742, '1', NULL, 66, 64.00, 31, 64),
(743, '0', NULL, 66, 14.00, 18, NULL),
(744, '0', NULL, 66, 14.00, 28, NULL),
(745, '0', NULL, 66, 12.60, 60, NULL),
(746, '0', NULL, 66, 21.00, 69, NULL),
(747, '0', NULL, 66, 0.70, 40, NULL),
(748, '0', NULL, 66, 14.00, 56, NULL),
(749, '0', NULL, 66, 231.00, 5, NULL),
(750, '0', NULL, 66, 45.50, 8, NULL),
(751, '0', NULL, 66, 14.00, 73, NULL),
(752, '0', NULL, 66, 14.00, 49, NULL),
(753, '0', NULL, 66, 2.10, 63, NULL),
(754, '0', NULL, 66, 45.50, 7, NULL),
(755, '1', NULL, 67, 80.00, 78, 11),
(756, '1', NULL, 67, 50.00, 74, 7),
(757, '1', NULL, 67, 80.00, 14, 64),
(758, '1', NULL, 67, 40.00, 31, 50),
(759, '0', NULL, 67, 52.00, 6, NULL),
(760, '0', NULL, 67, 8.00, 56, NULL),
(761, '0', NULL, 67, 8.00, 73, NULL),
(762, '0', NULL, 67, 2.20, 54, NULL),
(763, '0', NULL, 67, 132.00, 5, NULL),
(764, '0', NULL, 67, 4.00, 60, NULL),
(765, '0', NULL, 67, 12.40, 28, NULL),
(766, '0', NULL, 67, 10.00, 49, NULL),
(767, '0', NULL, 67, 10.00, 18, NULL),
(768, '0', NULL, 67, 10.00, 49, NULL),
(769, '0', NULL, 67, 0.40, 40, NULL),
(770, '0', NULL, 67, 1.10, 54, NULL),
(771, '0', NULL, 67, 5.00, 18, NULL),
(772, '0', NULL, 67, 5.00, 49, NULL),
(773, '1', NULL, 68, 40.00, 14, 10),
(774, '1', NULL, 68, 70.00, 78, 11),
(775, '1', NULL, 68, 50.00, 47, 52),
(776, '1', NULL, 68, 20.00, 75, 4),
(777, '1', NULL, 68, 20.00, 31, 3),
(778, '0', NULL, 68, 2.00, 73, NULL),
(779, '0', NULL, 68, 6.00, 56, NULL),
(780, '0', NULL, 68, 2.00, 66, NULL),
(781, '0', NULL, 68, 12.00, 57, NULL),
(782, '0', NULL, 68, 6.00, 43, NULL),
(783, '0', NULL, 68, 12.00, 8, NULL),
(784, '0', NULL, 68, 10.00, 18, NULL),
(785, '0', NULL, 68, 80.00, 5, NULL),
(786, '0', NULL, 68, 10.00, 28, NULL),
(787, '0', NULL, 68, 0.20, 40, NULL),
(788, '0', NULL, 68, 2.00, 60, NULL),
(789, '0', NULL, 68, 1.06, 54, NULL),
(790, '0', NULL, 68, 10.00, 49, NULL),
(791, '1', NULL, 69, 43.00, 14, 64),
(792, '1', NULL, 69, 27.00, 14, 10),
(793, '1', NULL, 69, 70.00, 74, 28),
(794, '1', NULL, 69, 40.00, 75, 4),
(795, '1', NULL, 69, 25.00, 31, 64),
(796, '1', NULL, 69, 15.00, 31, 3),
(797, '0', NULL, 69, 1.00, 63, NULL),
(798, '0', NULL, 69, 4.00, 56, NULL),
(799, '0', NULL, 69, 4.00, 28, NULL),
(800, '0', NULL, 69, 6.00, 69, NULL),
(801, '0', NULL, 69, 3.60, 60, NULL),
(802, '0', NULL, 69, 0.20, 40, NULL),
(803, '0', NULL, 69, 4.00, 66, NULL),
(804, '0', NULL, 69, 4.00, 73, NULL),
(805, '0', NULL, 69, 56.00, 5, NULL),
(806, '0', NULL, 69, 2.00, 7, NULL),
(807, '1', NULL, 70, 347.00, 74, 23),
(808, '1', NULL, 70, 51.00, 74, 4),
(809, '1', NULL, 70, 56.00, 74, 7),
(810, '1', NULL, 70, 44.00, 78, 11),
(811, '1', NULL, 70, 240.00, 75, 4),
(812, '1', NULL, 70, 182.00, 31, 3),
(813, '0', NULL, 70, 16.00, 56, NULL),
(814, '0', NULL, 70, 16.00, 28, NULL),
(815, '0', NULL, 70, 14.40, 60, NULL),
(816, '0', NULL, 70, 24.00, 69, NULL),
(817, '0', NULL, 70, 0.80, 40, NULL),
(818, '0', NULL, 70, 8.00, 7, NULL),
(819, '0', NULL, 70, 16.00, 73, NULL),
(820, '0', NULL, 70, 16.00, 66, NULL),
(821, '0', NULL, 70, 224.00, 5, NULL),
(822, '0', NULL, 70, 2.40, 63, NULL),
(823, '1', NULL, 71, 26.00, 74, 7),
(824, '1', NULL, 71, 6.00, 14, 10),
(825, '1', NULL, 71, 10.00, 31, 3),
(826, '0', NULL, 71, 0.60, 58, NULL),
(827, '0', NULL, 71, 1.00, 28, NULL),
(828, '0', NULL, 71, 0.40, 94, NULL),
(829, '0', NULL, 71, 0.40, 8, NULL),
(830, '0', NULL, 71, 0.16, 63, NULL),
(831, '0', NULL, 71, 2.00, 51, NULL),
(832, '0', NULL, 71, 8.00, 38, NULL),
(833, '1', NULL, 72, 24.00, 74, 7),
(834, '1', NULL, 72, 4.00, 14, 10),
(835, '1', NULL, 72, 8.00, 31, 3),
(836, '0', NULL, 72, 0.60, 58, NULL),
(837, '0', NULL, 72, 1.00, 28, NULL),
(838, '0', NULL, 72, 0.40, 94, NULL),
(839, '0', NULL, 72, 0.40, 8, NULL),
(840, '0', NULL, 72, 0.16, 63, NULL),
(841, '0', NULL, 72, 2.00, 51, NULL),
(842, '0', NULL, 72, 4.00, 38, NULL),
(843, '0', NULL, 72, 6.00, 5, NULL),
(844, '1', NULL, 73, 75.00, 74, 4),
(845, '1', NULL, 73, 45.00, 14, 10),
(846, '1', NULL, 73, 45.00, 31, 3),
(847, '0', NULL, 73, 4.50, 60, NULL),
(848, '0', NULL, 73, 7.50, 28, NULL),
(849, '0', NULL, 73, 22.50, 81, NULL),
(850, '0', NULL, 73, 15.00, 11, NULL),
(851, '0', NULL, 73, 22.50, 10, NULL),
(852, '0', NULL, 73, 1.20, 63, NULL),
(853, '0', NULL, 73, 90.00, 5, NULL),
(854, '0', NULL, 73, 60.00, 38, NULL),
(855, '1', NULL, 74, 12.00, 52, 51),
(856, '1', NULL, 74, 6.00, 31, 3),
(857, '0', NULL, 74, 0.30, 60, NULL),
(858, '0', NULL, 74, 1.00, 81, NULL),
(859, '0', NULL, 74, 4.00, 6, NULL),
(860, '0', NULL, 74, 0.08, 63, NULL),
(861, '0', NULL, 74, 7.00, 38, NULL),
(862, '1', NULL, 75, 170.00, 76, 3),
(863, '1', NULL, 75, 30.00, 76, 49),
(864, '1', NULL, 75, 60.00, 31, 50),
(865, '0', NULL, 75, 3.40, 60, NULL),
(866, '0', NULL, 75, 8.00, 28, NULL),
(867, '0', NULL, 75, 0.20, 35, NULL),
(868, '0', NULL, 75, 0.16, 68, NULL),
(869, '0', NULL, 75, 12.00, 5, NULL),
(870, '1', NULL, 76, 480.00, 74, 7),
(871, '1', NULL, 76, 16.00, 31, 3),
(872, '0', NULL, 76, 12.00, 18, NULL),
(873, '0', NULL, 76, 12.00, 28, NULL),
(874, '0', NULL, 76, 10.80, 60, NULL),
(875, '0', NULL, 76, 18.00, 69, NULL),
(876, '0', NULL, 76, 0.60, 40, NULL),
(877, '0', NULL, 76, 12.00, 56, NULL),
(878, '0', NULL, 76, 198.00, 5, NULL),
(879, '0', NULL, 76, 39.00, 8, NULL),
(880, '0', NULL, 76, 12.00, 73, NULL),
(881, '0', NULL, 76, 12.00, 49, NULL),
(882, '0', NULL, 76, 1.80, 63, NULL),
(883, '0', NULL, 76, 39.00, 7, NULL),
(884, '1', NULL, 77, 240.00, 74, 7),
(885, '1', NULL, 77, 222.00, 14, 10),
(886, '1', NULL, 77, 97.00, 31, 50),
(887, '1', NULL, 77, 23.00, 31, 3),
(888, '0', NULL, 77, 12.00, 28, NULL),
(889, '0', NULL, 77, 10.80, 60, NULL),
(890, '0', NULL, 77, 19.80, 69, NULL),
(891, '0', NULL, 77, 0.60, 40, NULL),
(892, '0', NULL, 77, 12.00, 56, NULL),
(893, '0', NULL, 77, 12.00, 49, NULL),
(894, '0', NULL, 77, 39.00, 7, NULL),
(895, '0', NULL, 77, 39.00, 8, NULL),
(896, '0', NULL, 77, 198.00, 5, NULL),
(897, '0', NULL, 77, 12.00, 73, NULL),
(898, '0', NULL, 77, 1.80, 63, NULL),
(899, '0', NULL, 77, 12.00, 18, NULL),
(900, '1', NULL, 78, 132.00, 74, 7),
(901, '1', NULL, 78, 108.00, 74, 7),
(902, '1', NULL, 78, 169.00, 14, 10),
(903, '1', NULL, 78, 26.00, 31, 3),
(904, '0', NULL, 78, 12.00, 28, NULL),
(905, '0', NULL, 78, 10.80, 60, NULL),
(906, '0', NULL, 78, 19.80, 69, NULL),
(907, '0', NULL, 78, 0.60, 40, NULL),
(908, '0', NULL, 78, 12.00, 56, NULL),
(909, '0', NULL, 78, 12.00, 49, NULL),
(910, '0', NULL, 78, 39.00, 7, NULL),
(911, '0', NULL, 78, 39.00, 8, NULL),
(912, '0', NULL, 78, 198.00, 5, NULL),
(913, '0', NULL, 78, 12.00, 73, NULL),
(914, '0', NULL, 78, 1.80, 63, NULL),
(915, '0', NULL, 78, 12.00, 18, NULL),
(916, '1', NULL, 79, 70.00, 78, 11),
(917, '1', NULL, 79, 40.00, 14, 10),
(918, '1', NULL, 79, 50.00, 47, 52),
(919, '1', NULL, 79, 20.00, 31, 50),
(920, '1', NULL, 79, 20.00, 75, 7),
(921, '0', NULL, 79, 2.00, 73, NULL),
(922, '0', NULL, 79, 6.00, 56, NULL),
(923, '0', NULL, 79, 2.00, 66, NULL),
(924, '0', NULL, 79, 12.00, 57, NULL),
(925, '0', NULL, 79, 6.00, 43, NULL),
(926, '0', NULL, 79, 12.00, 8, NULL),
(927, '0', NULL, 79, 10.00, 18, NULL),
(928, '0', NULL, 79, 80.00, 5, NULL),
(929, '0', NULL, 79, 10.00, 28, NULL),
(930, '0', NULL, 79, 0.20, 40, NULL),
(931, '0', NULL, 79, 2.00, 60, NULL),
(932, '0', NULL, 79, 1.06, 54, NULL),
(933, '0', NULL, 79, 10.00, 49, NULL),
(934, '1', NULL, 80, 20.00, 14, 7),
(935, '1', NULL, 80, 104.00, 14, 10),
(936, '1', NULL, 80, 102.00, 74, 28),
(937, '1', NULL, 80, 38.00, 74, 28),
(938, '1', NULL, 80, 80.00, 75, 4),
(939, '1', NULL, 80, 80.00, 31, 9),
(940, '0', NULL, 80, 2.00, 63, NULL),
(941, '0', NULL, 80, 8.00, 56, NULL),
(942, '0', NULL, 80, 8.00, 28, NULL),
(943, '0', NULL, 80, 12.00, 69, NULL),
(944, '0', NULL, 80, 7.20, 60, NULL),
(945, '0', NULL, 80, 0.40, 40, NULL),
(946, '0', NULL, 80, 8.00, 66, NULL),
(947, '0', NULL, 80, 8.00, 73, NULL),
(948, '0', NULL, 80, 112.00, 5, NULL),
(949, '0', NULL, 80, 4.00, 7, NULL),
(950, '1', NULL, 81, 155.00, 74, 28),
(951, '1', NULL, 81, 365.00, 74, 28),
(952, '1', NULL, 81, 27.00, 75, 4),
(953, '1', NULL, 81, 213.00, 75, 7),
(954, '1', NULL, 81, 30.00, 31, 3),
(955, '1', NULL, 81, 130.00, 31, 14),
(956, '0', NULL, 81, 16.00, 56, NULL),
(957, '0', NULL, 81, 16.00, 28, NULL),
(958, '0', NULL, 81, 14.40, 60, NULL),
(959, '0', NULL, 81, 24.00, 69, NULL),
(960, '0', NULL, 81, 0.80, 40, NULL),
(961, '0', NULL, 81, 8.00, 7, NULL),
(962, '0', NULL, 81, 16.00, 73, NULL),
(963, '0', NULL, 81, 16.00, 66, NULL),
(964, '0', NULL, 81, 224.00, 5, NULL),
(965, '0', NULL, 81, 2.40, 63, NULL),
(966, '1', NULL, 82, 195.00, 74, 28),
(967, '1', NULL, 82, 20.00, 75, 4),
(968, '1', NULL, 82, 70.00, 75, 7),
(969, '1', NULL, 82, 60.00, 31, 14),
(970, '0', NULL, 82, 6.00, 56, NULL),
(971, '0', NULL, 82, 6.00, 28, NULL),
(972, '0', NULL, 82, 5.40, 60, NULL),
(973, '0', NULL, 82, 9.00, 69, NULL),
(974, '0', NULL, 82, 0.30, 40, NULL),
(975, '0', NULL, 82, 3.00, 7, NULL),
(976, '0', NULL, 82, 6.00, 73, NULL),
(977, '0', NULL, 82, 6.00, 66, NULL),
(978, '0', NULL, 82, 84.00, 5, NULL),
(979, '0', NULL, 82, 0.90, 63, NULL),
(980, '1', NULL, 83, 35.00, 74, 7),
(981, '1', NULL, 83, 40.00, 14, 26),
(982, '1', NULL, 83, 30.00, 31, 50),
(983, '0', NULL, 83, 50.00, 46, NULL),
(984, '0', NULL, 83, 80.00, 50, NULL),
(985, '0', NULL, 83, 6.00, 60, NULL),
(986, '0', NULL, 83, 17.50, 28, NULL),
(987, '0', NULL, 83, 20.00, 81, NULL),
(988, '0', NULL, 83, 60.00, 10, NULL),
(989, '0', NULL, 83, 1.00, 35, NULL),
(990, '0', NULL, 83, 0.30, 68, NULL),
(991, '0', NULL, 83, 80.00, 5, NULL),
(992, '0', NULL, 83, 45.00, 38, NULL),
(993, '1', NULL, 84, 100.00, 14, 14),
(994, '0', NULL, 84, 10.00, 46, NULL),
(995, '0', NULL, 84, 16.00, 50, NULL),
(996, '0', NULL, 84, 1.20, 60, NULL),
(997, '0', NULL, 84, 3.50, 28, NULL),
(998, '0', NULL, 84, 4.00, 81, NULL),
(999, '0', NULL, 84, 12.00, 10, NULL),
(1000, '0', NULL, 84, 0.20, 35, NULL),
(1001, '0', NULL, 84, 0.06, 68, NULL),
(1002, '0', NULL, 84, 16.00, 5, NULL),
(1003, '0', NULL, 84, 9.00, 38, NULL),
(1004, '1', NULL, 85, 233.00, 76, 49),
(1005, '1', NULL, 85, 267.00, 76, 3),
(1006, '0', NULL, 85, 10.20, 60, NULL),
(1007, '0', NULL, 85, 24.00, 28, NULL),
(1008, '0', NULL, 85, 0.60, 35, NULL),
(1009, '0', NULL, 85, 0.48, 68, NULL),
(1010, '0', NULL, 85, 36.00, 5, NULL),
(1011, '1', NULL, 86, 240.00, 74, 7),
(1012, '1', NULL, 86, 96.00, 14, 14),
(1013, '1', NULL, 86, 136.00, 14, 47),
(1014, '1', NULL, 86, 66.00, 31, 14),
(1015, '1', NULL, 86, 54.00, 31, 50),
(1016, '0', NULL, 86, 12.00, 28, NULL),
(1017, '0', NULL, 86, 10.80, 60, NULL),
(1018, '0', NULL, 86, 19.80, 69, NULL),
(1019, '0', NULL, 86, 0.60, 40, NULL),
(1020, '0', NULL, 86, 12.00, 56, NULL),
(1021, '0', NULL, 86, 12.00, 49, NULL),
(1022, '0', NULL, 86, 39.00, 7, NULL),
(1023, '0', NULL, 86, 39.00, 8, NULL),
(1024, '0', NULL, 86, 198.00, 5, NULL),
(1025, '0', NULL, 86, 12.00, 73, NULL),
(1026, '0', NULL, 86, 1.80, 63, NULL),
(1027, '0', NULL, 86, 12.00, 18, NULL),
(1028, '1', NULL, 87, 640.00, 74, 7),
(1029, '1', NULL, 87, 56.00, 31, 50),
(1030, '1', NULL, 87, 104.00, 31, 9),
(1031, '0', NULL, 87, 16.00, 18, NULL),
(1032, '0', NULL, 87, 16.00, 28, NULL),
(1033, '0', NULL, 87, 14.40, 60, NULL),
(1034, '0', NULL, 87, 24.00, 69, NULL),
(1035, '0', NULL, 87, 0.80, 40, NULL),
(1036, '0', NULL, 87, 16.00, 56, NULL),
(1037, '0', NULL, 87, 264.00, 5, NULL),
(1038, '0', NULL, 87, 52.00, 8, NULL),
(1039, '0', NULL, 87, 16.00, 73, NULL),
(1040, '0', NULL, 87, 16.00, 49, NULL),
(1041, '0', NULL, 87, 2.40, 63, NULL),
(1042, '0', NULL, 87, 52.00, 7, NULL),
(1043, '1', NULL, 88, 40.00, 74, 7),
(1044, '1', NULL, 88, 25.00, 14, 47),
(1045, '1', NULL, 88, 15.00, 14, 10),
(1046, '1', NULL, 88, 20.00, 31, 14),
(1047, '0', NULL, 88, 2.00, 28, NULL),
(1048, '0', NULL, 88, 1.80, 60, NULL),
(1049, '0', NULL, 88, 25.00, 23, NULL),
(1050, '0', NULL, 88, 0.10, 40, NULL),
(1051, '0', NULL, 88, 2.00, 81, NULL),
(1052, '0', NULL, 88, 2.00, 49, NULL),
(1053, '0', NULL, 88, 6.50, 7, NULL),
(1054, '0', NULL, 88, 6.50, 8, NULL),
(1055, '0', NULL, 88, 33.00, 5, NULL),
(1056, '0', NULL, 88, 2.00, 73, NULL),
(1057, '0', NULL, 88, 0.30, 63, NULL),
(1058, '0', NULL, 88, 2.00, 18, NULL),
(1059, '1', NULL, 89, 50.00, 52, 51),
(1060, '1', NULL, 89, 6.00, 52, 51),
(1061, '1', NULL, 89, 20.00, 31, 50),
(1062, '0', NULL, 89, 3.00, 73, NULL),
(1063, '0', NULL, 89, 3.00, 56, NULL),
(1064, '0', NULL, 89, 5.00, 49, NULL),
(1065, '0', NULL, 89, 5.00, 57, NULL),
(1066, '0', NULL, 89, 3.00, 43, NULL),
(1067, '0', NULL, 89, 6.00, 8, NULL),
(1068, '0', NULL, 89, 5.00, 18, NULL),
(1069, '0', NULL, 89, 25.00, 5, NULL),
(1070, '0', NULL, 89, 5.00, 28, NULL),
(1071, '0', NULL, 89, 0.10, 40, NULL),
(1072, '0', NULL, 89, 1.00, 60, NULL),
(1073, '0', NULL, 89, 0.49, 54, NULL),
(1074, '0', NULL, 89, 320.00, 13, NULL),
(1075, '1', NULL, 90, 35.00, 78, 11),
(1076, '1', NULL, 90, 20.00, 14, 47),
(1077, '1', NULL, 90, 10.00, 31, 50),
(1078, '1', NULL, 90, 10.00, 75, 7),
(1079, '0', NULL, 90, 1.00, 73, NULL),
(1080, '0', NULL, 90, 3.00, 56, NULL),
(1081, '0', NULL, 90, 1.00, 66, NULL),
(1082, '0', NULL, 90, 6.00, 57, NULL),
(1083, '0', NULL, 90, 3.00, 43, NULL),
(1084, '0', NULL, 90, 6.00, 8, NULL),
(1085, '0', NULL, 90, 5.00, 18, NULL),
(1086, '0', NULL, 90, 40.00, 5, NULL),
(1087, '0', NULL, 90, 5.00, 28, NULL),
(1088, '0', NULL, 90, 0.10, 40, NULL),
(1089, '0', NULL, 90, 1.00, 60, NULL),
(1090, '0', NULL, 90, 0.53, 54, NULL),
(1091, '0', NULL, 90, 5.00, 49, NULL),
(1092, '1', NULL, 91, 76.00, 14, 14),
(1093, '1', NULL, 91, 64.00, 14, 47),
(1094, '1', NULL, 91, 140.00, 74, 4),
(1095, '1', NULL, 91, 24.00, 75, 28),
(1096, '1', NULL, 91, 96.00, 75, 7),
(1097, '1', NULL, 91, 80.00, 31, 9),
(1098, '0', NULL, 91, 2.00, 63, NULL),
(1099, '0', NULL, 91, 8.00, 56, NULL),
(1100, '0', NULL, 91, 8.00, 28, NULL),
(1101, '0', NULL, 91, 12.00, 69, NULL),
(1102, '0', NULL, 91, 7.20, 60, NULL),
(1103, '0', NULL, 91, 0.40, 40, NULL),
(1104, '0', NULL, 91, 8.00, 66, NULL),
(1105, '0', NULL, 91, 8.00, 73, NULL),
(1106, '0', NULL, 91, 112.00, 5, NULL),
(1107, '0', NULL, 91, 4.00, 7, NULL),
(1108, '1', NULL, 92, 520.00, 74, 28),
(1109, '1', NULL, 92, 59.00, 75, 4),
(1110, '1', NULL, 92, 181.00, 75, 28),
(1111, '1', NULL, 92, 160.00, 31, 9),
(1112, '0', NULL, 92, 16.00, 56, NULL),
(1113, '0', NULL, 92, 16.00, 28, NULL),
(1114, '0', NULL, 92, 14.40, 60, NULL),
(1115, '0', NULL, 92, 24.00, 69, NULL),
(1116, '0', NULL, 92, 0.80, 40, NULL),
(1117, '0', NULL, 92, 8.00, 7, NULL),
(1118, '0', NULL, 92, 16.00, 73, NULL),
(1119, '0', NULL, 92, 16.00, 66, NULL),
(1120, '0', NULL, 92, 224.00, 5, NULL),
(1121, '0', NULL, 92, 2.40, 63, NULL),
(1122, '1', NULL, 93, 91.00, 74, 28),
(1123, '1', NULL, 93, 169.00, 74, 4),
(1124, '1', NULL, 93, 24.00, 75, 28),
(1125, '1', NULL, 93, 96.00, 75, 7),
(1126, '1', NULL, 93, 80.00, 31, 9),
(1127, '0', NULL, 93, 8.00, 56, NULL),
(1128, '0', NULL, 93, 8.00, 28, NULL),
(1129, '0', NULL, 93, 7.20, 60, NULL),
(1130, '0', NULL, 93, 12.00, 69, NULL),
(1131, '0', NULL, 93, 0.40, 40, NULL),
(1132, '0', NULL, 93, 4.00, 7, NULL),
(1133, '0', NULL, 93, 8.00, 73, NULL),
(1134, '0', NULL, 93, 8.00, 66, NULL),
(1135, '0', NULL, 93, 112.00, 5, NULL),
(1136, '0', NULL, 93, 1.20, 63, NULL);

-- --------------------------------------------------------

--
-- Estructura de tabla para la tabla `formulacion`
--

DROP TABLE IF EXISTS `formulacion`;
CREATE TABLE IF NOT EXISTS `formulacion` (
  `id` int(11) unsigned NOT NULL AUTO_INCREMENT,
  `producto_id` int(11) unsigned NOT NULL,
  `materia_prima` int(11) unsigned NOT NULL,
  `peso` decimal(10,2) unsigned NOT NULL,
  PRIMARY KEY (`id`),
  KEY `lnk_formulacion_insumo` (`materia_prima`) USING BTREE,
  KEY `lnk_formulacion_producto` (`producto_id`) USING BTREE
) ENGINE=InnoDB  DEFAULT CHARSET=utf8 AUTO_INCREMENT=684 ;

--
-- Volcado de datos para la tabla `formulacion`
--

INSERT INTO `formulacion` (`id`, `producto_id`, `materia_prima`, `peso`) VALUES
(357, 61, 58, '0.30'),
(358, 61, 28, '0.50'),
(359, 61, 94, '0.20'),
(360, 61, 8, '0.20'),
(361, 61, 63, '0.08'),
(362, 61, 51, '1.00'),
(363, 61, 38, '4.00'),
(365, 31, 58, '0.30'),
(366, 31, 28, '0.50'),
(367, 31, 94, '0.20'),
(368, 31, 8, '0.20'),
(369, 31, 63, '0.08'),
(370, 31, 51, '1.00'),
(371, 31, 38, '2.00'),
(372, 31, 5, '3.00'),
(374, 43, 18, '2.00'),
(375, 43, 28, '2.00'),
(376, 43, 60, '1.80'),
(377, 43, 69, '3.00'),
(378, 43, 40, '0.10'),
(379, 43, 56, '2.00'),
(380, 43, 5, '33.00'),
(381, 43, 8, '6.50'),
(382, 43, 73, '2.00'),
(383, 43, 49, '2.00'),
(384, 43, 63, '0.30'),
(385, 43, 7, '6.50'),
(387, 41, 56, '2.00'),
(388, 41, 28, '2.00'),
(389, 41, 60, '1.80'),
(390, 41, 69, '3.00'),
(391, 41, 40, '0.10'),
(392, 41, 7, '1.00'),
(393, 41, 73, '2.00'),
(394, 41, 66, '2.00'),
(395, 41, 5, '28.00'),
(396, 41, 63, '0.30'),
(400, 45, 18, '2.00'),
(401, 45, 28, '2.00'),
(402, 45, 60, '1.80'),
(403, 45, 23, '25.00'),
(404, 45, 40, '0.10'),
(405, 45, 81, '2.00'),
(406, 45, 5, '33.00'),
(407, 45, 8, '6.50'),
(408, 45, 73, '2.00'),
(409, 45, 49, '2.00'),
(410, 45, 63, '0.30'),
(411, 45, 7, '6.50'),
(413, 3, 6, '26.00'),
(414, 3, 56, '4.00'),
(415, 3, 73, '4.00'),
(416, 3, 54, '1.10'),
(417, 3, 5, '66.00'),
(418, 3, 60, '2.00'),
(419, 3, 28, '6.20'),
(420, 3, 49, '5.00'),
(421, 3, 18, '5.00'),
(422, 3, 49, '5.00'),
(423, 3, 40, '0.20'),
(424, 3, 54, '0.55'),
(425, 3, 18, '2.50'),
(426, 3, 49, '2.50'),
(428, 4, 28, '2.00'),
(429, 4, 58, '1.20'),
(430, 4, 41, '2.70'),
(431, 4, 40, '0.10'),
(432, 4, 81, '2.00'),
(433, 4, 5, '14.00'),
(434, 4, 73, '2.00'),
(435, 4, 54, '0.36'),
(436, 4, 22, '1.00'),
(438, 54, 6, '12.00'),
(439, 54, 56, '2.00'),
(440, 54, 73, '2.00'),
(441, 54, 63, '0.30'),
(442, 54, 5, '25.00'),
(443, 54, 40, '0.10'),
(444, 54, 60, '1.80'),
(445, 54, 28, '2.00'),
(446, 54, 20, '0.50'),
(447, 54, 49, '0.30'),
(449, 1, 49, '2.50'),
(450, 1, 28, '2.00'),
(451, 1, 60, '1.80'),
(452, 1, 23, '34.00'),
(453, 1, 40, '0.10'),
(454, 1, 81, '2.00'),
(455, 1, 73, '3.00'),
(456, 1, 57, '1.00'),
(457, 1, 5, '24.00'),
(458, 1, 8, '10.00'),
(459, 1, 18, '1.50'),
(460, 1, 54, '0.49'),
(461, 1, 13, '390.00'),
(463, 50, 73, '1.00'),
(464, 50, 56, '3.00'),
(465, 50, 66, '1.00'),
(466, 50, 57, '6.00'),
(467, 50, 43, '3.00'),
(468, 50, 8, '6.00'),
(469, 50, 18, '5.00'),
(470, 50, 5, '40.00'),
(471, 50, 28, '5.00'),
(472, 50, 40, '0.10'),
(473, 50, 60, '1.00'),
(474, 50, 54, '0.53'),
(475, 50, 49, '5.00'),
(477, 47, 73, '3.00'),
(478, 47, 56, '3.00'),
(479, 47, 49, '5.00'),
(480, 47, 57, '5.00'),
(481, 47, 43, '3.00'),
(482, 47, 8, '6.00'),
(483, 47, 18, '5.00'),
(484, 47, 5, '25.00'),
(485, 47, 28, '5.00'),
(486, 47, 40, '0.10'),
(487, 47, 60, '1.00'),
(488, 47, 54, '0.49'),
(489, 47, 13, '320.00'),
(491, 52, 14, '90.00'),
(492, 52, 46, '10.00'),
(493, 52, 50, '16.00'),
(494, 52, 60, '1.20'),
(495, 52, 28, '3.50'),
(496, 52, 81, '4.00'),
(497, 52, 10, '12.00'),
(498, 52, 35, '0.20'),
(499, 52, 68, '0.06'),
(500, 52, 5, '16.00'),
(501, 52, 38, '9.00'),
(502, 55, 14, '225.00'),
(503, 55, 5, '6.00'),
(504, 55, 81, '4.00'),
(505, 55, 40, '0.20'),
(506, 55, 58, '3.50'),
(507, 55, 29, '0.15'),
(508, 55, 36, '0.30'),
(509, 55, 28, '2.60'),
(510, 55, 50, '8.00'),
(511, 55, 38, '11.00'),
(512, 55, 67, '0.45'),
(514, 53, 61, '1.20'),
(515, 53, 28, '3.50'),
(516, 53, 29, '0.30'),
(517, 53, 38, '15.00'),
(518, 53, 6, '12.00'),
(519, 53, 81, '4.00'),
(520, 53, 50, '16.00'),
(521, 53, 5, '10.00'),
(522, 53, 63, '0.20'),
(523, 53, 37, '0.05'),
(525, 15, 69, '3.00'),
(526, 15, 60, '1.80'),
(527, 15, 73, '2.00'),
(528, 15, 56, '2.00'),
(529, 15, 40, '0.10'),
(530, 15, 19, '2.00'),
(531, 15, 54, '0.36'),
(532, 15, 28, '2.00'),
(533, 15, 5, '18.00'),
(534, 15, 39, '2.00'),
(535, 15, 13, '286.00'),
(537, 16, 60, '0.30'),
(538, 16, 28, '0.38'),
(539, 16, 81, '2.00'),
(540, 16, 11, '1.00'),
(541, 16, 10, '1.00'),
(542, 16, 63, '0.08'),
(543, 16, 5, '6.00'),
(544, 16, 38, '4.00'),
(545, 16, 24, '0.30'),
(547, 57, 60, '0.30'),
(548, 57, 81, '1.00'),
(549, 57, 6, '4.00'),
(550, 57, 63, '0.08'),
(551, 57, 38, '7.00'),
(553, 56, 60, '0.30'),
(554, 56, 81, '1.00'),
(555, 56, 10, '4.00'),
(556, 56, 63, '0.08'),
(557, 56, 5, '6.00'),
(558, 56, 38, '6.00'),
(560, 58, 59, '1.20'),
(561, 58, 27, '2.50'),
(562, 58, 6, '4.00'),
(563, 58, 55, '1.00'),
(564, 58, 64, '0.05'),
(565, 58, 63, '0.30'),
(566, 58, 30, '114.00'),
(568, 32, 60, '0.35'),
(569, 32, 28, '0.50'),
(570, 32, 81, '2.00'),
(571, 32, 11, '1.00'),
(572, 32, 10, '1.00'),
(573, 32, 63, '0.08'),
(574, 32, 5, '6.00'),
(575, 32, 38, '4.00'),
(577, 51, 60, '0.30'),
(578, 51, 28, '0.50'),
(579, 51, 81, '1.50'),
(580, 51, 11, '1.00'),
(581, 51, 10, '1.50'),
(582, 51, 63, '0.08'),
(583, 51, 5, '6.00'),
(584, 51, 38, '4.00'),
(586, 59, 60, '0.60'),
(587, 59, 28, '0.50'),
(588, 59, 81, '2.00'),
(589, 59, 11, '1.00'),
(590, 59, 8, '1.00'),
(591, 59, 63, '0.16'),
(592, 59, 5, '6.00'),
(593, 59, 38, '4.00'),
(595, 60, 60, '3.40'),
(596, 60, 28, '8.00'),
(597, 60, 35, '0.20'),
(598, 60, 68, '0.16'),
(599, 60, 5, '12.00'),
(601, 49, 73, '1.00'),
(602, 49, 56, '3.00'),
(603, 49, 66, '1.00'),
(604, 49, 57, '6.00'),
(605, 49, 43, '3.00'),
(606, 49, 8, '6.00'),
(607, 49, 18, '5.00'),
(608, 49, 5, '40.00'),
(609, 49, 28, '5.00'),
(610, 49, 31, '10.00'),
(611, 49, 40, '0.10'),
(612, 49, 60, '1.00'),
(613, 49, 54, '0.53'),
(614, 49, 49, '5.00'),
(615, 7, 28, '2.00'),
(616, 7, 60, '1.80'),
(617, 7, 23, '25.00'),
(618, 7, 40, '0.10'),
(619, 7, 81, '2.00'),
(620, 7, 49, '2.00'),
(621, 7, 7, '6.50'),
(622, 7, 8, '6.50'),
(623, 7, 5, '33.00'),
(624, 7, 73, '2.00'),
(625, 7, 63, '0.30'),
(626, 7, 18, '2.00'),
(627, 6, 28, '2.00'),
(628, 6, 60, '1.80'),
(629, 6, 69, '3.30'),
(630, 6, 40, '0.10'),
(631, 6, 56, '2.00'),
(632, 6, 49, '2.00'),
(633, 6, 7, '6.50'),
(634, 6, 8, '6.50'),
(635, 6, 5, '33.00'),
(636, 6, 73, '2.00'),
(637, 6, 63, '0.30'),
(638, 6, 18, '2.00'),
(639, 13, 63, '0.50'),
(640, 13, 56, '2.00'),
(641, 13, 28, '2.00'),
(642, 13, 69, '3.00'),
(643, 13, 60, '1.80'),
(644, 13, 40, '0.10'),
(645, 13, 66, '2.00'),
(646, 13, 73, '2.00'),
(647, 13, 5, '28.00'),
(648, 13, 7, '1.00'),
(649, 5, 6, '0.00'),
(650, 5, 56, '0.00'),
(651, 5, 73, '0.00'),
(652, 5, 54, '0.00'),
(653, 5, 5, '0.00'),
(654, 5, 45, '0.00'),
(655, 5, 60, '0.00'),
(656, 5, 28, '0.00'),
(657, 5, 19, '0.00'),
(658, 5, 49, '0.00'),
(659, 5, 31, '0.00'),
(660, 5, 40, '0.00'),
(661, 2, 40, '0.00'),
(662, 2, 55, '0.00'),
(663, 2, 8, '0.00'),
(664, 2, 31, '0.00'),
(665, 2, 60, '0.00'),
(666, 2, 23, '0.00'),
(667, 2, 18, '0.00'),
(668, 2, 73, '0.00'),
(669, 2, 49, '0.00'),
(670, 2, 28, '0.00'),
(671, 2, 54, '0.00'),
(672, 2, 5, '0.00'),
(673, 2, 13, '0.00'),
(674, 62, 66, '2.00'),
(675, 62, 73, '2.00'),
(676, 62, 56, '2.00'),
(677, 62, 7, '1.00'),
(678, 62, 63, '0.30'),
(679, 62, 5, '28.00'),
(680, 62, 58, '1.80'),
(681, 62, 28, '2.00'),
(682, 62, 18, '4.00'),
(683, 62, 22, '1.00');

-- --------------------------------------------------------

--
-- Estructura de tabla para la tabla `insumo`
--

DROP TABLE IF EXISTS `insumo`;
CREATE TABLE IF NOT EXISTS `insumo` (
  `id` int(11) unsigned NOT NULL AUTO_INCREMENT,
  `materia_prima` varchar(255) NOT NULL,
  `tipo` enum('0','1','2') NOT NULL COMMENT '0 = Carnica\n1 = No Carnica\n2 = Insumo',
  `cantidad` decimal(10,2) unsigned NOT NULL DEFAULT '0.00',
  PRIMARY KEY (`id`),
  UNIQUE KEY `materia_prima` (`materia_prima`)
) ENGINE=InnoDB  DEFAULT CHARSET=utf8 AUTO_INCREMENT=179 ;

--
-- Volcado de datos para la tabla `insumo`
--

INSERT INTO `insumo` (`id`, `materia_prima`, `tipo`, `cantidad`) VALUES
(1, 'Recorte de res 80/20', '0', '0.00'),
(2, 'CEBOLLA MOLIDA', '1', '0.00'),
(4, 'CARNE DE RES', '0', '0.00'),
(5, 'AGUA', '1', '0.00'),
(6, 'ALMIDON', '1', '0.00'),
(7, 'ALMIDON DE TRIGO', '1', '0.00'),
(8, 'ALMIDON DE PAPA', '1', '0.00'),
(10, 'ALMIDON P', '1', '0.00'),
(11, 'ARINA DE TRIGO', '1', '0.00'),
(13, 'BOLSAS AL VACIO', '1', '0.00'),
(14, 'CARNE DE CERDO', '0', '429.00'),
(15, 'CARNE DE GALLINA', '0', '0.00'),
(16, 'CARNE DE POLLO', '0', '0.00'),
(17, 'CARNE DE TERNERA', '0', '0.00'),
(18, 'CEBOLLA', '1', '0.00'),
(19, 'CEBOLLA LARGA', '1', '0.00'),
(20, 'CEBOLLA PUERRO', '1', '0.00'),
(21, 'CERDO', '0', '0.00'),
(22, 'CILANTRO', '1', '0.00'),
(23, 'COLAGENO', '1', '0.00'),
(24, 'COLOR', '0', '0.00'),
(25, 'COLOR NARANJA', '0', '0.00'),
(26, 'CONCENTRADO', '1', '0.00'),
(27, 'CONDIMENTO PAVO', '1', '0.00'),
(28, 'CONDIMENTOS', '0', '0.00'),
(29, 'CONSENTRADO', '1', '0.00'),
(30, 'CUEROS', '1', '0.00'),
(31, 'DESPALME', '0', '1787.00'),
(32, 'DESPALME 8', '0', '0.00'),
(33, 'EMPAQUE', '0', '0.00'),
(34, 'ESTERMAX', '1', '0.00'),
(35, 'EXTERMAS', '1', '0.00'),
(36, 'EXTERMAX', '1', '0.00'),
(37, 'GLUTAMINASA', '1', '0.00'),
(38, 'HIELO', '0', '0.00'),
(39, 'HIERVAS', '0', '0.00'),
(40, 'HUMO', '1', '0.00'),
(41, 'MADEJA', '0', '0.00'),
(42, 'MERMA', '0', '0.00'),
(43, 'MIGA BLANCA', '0', '0.00'),
(44, 'MOTA', '0', '0.00'),
(45, 'PASTA', '0', '0.00'),
(46, 'PASTA DE POLLO', '1', '0.00'),
(47, 'PASTA DE RES', '1', '125.00'),
(48, 'PECHO', '1', '0.00'),
(49, 'PIMENTON', '0', '0.00'),
(50, 'PLAMA', '0', '0.00'),
(51, 'PLASMA LIQUIDO', '1', '84.00'),
(52, 'POLLO', '1', '0.00'),
(53, 'PRECIO UNIDADES', '0', '0.00'),
(54, 'PROTECTA', '1', '0.00'),
(55, 'PROTEINA AL 90', '1', '0.00'),
(56, 'PROTEINA ARCON', '1', '0.00'),
(57, 'RESPONCE', '1', '0.00'),
(58, 'SAL', '1', '125.70'),
(59, 'SAL CURANTE S 10', '1', '0.00'),
(60, 'SAL NITRADA', '1', '0.00'),
(61, 'SAL NITRO', '1', '0.00'),
(62, 'STERMAS', '1', '0.00'),
(63, 'STERMAX', '1', '14.88'),
(64, 'SUPER SMOL', '1', '0.00'),
(65, 'TERNERA', '1', '0.00'),
(66, 'TEXTURIZADO', '1', '0.00'),
(67, 'TRASGLUTAMINAZA', '1', '0.00'),
(68, 'TRASGRUTAMINASA', '1', '0.00'),
(69, 'TRIPA NATURAL DE CERDO', '1', '0.00'),
(70, 'UNIDADES', '0', '0.00'),
(71, 'UTILIDAD', '0', '0.00'),
(72, 'UTILIDAD UNIDAD', '0', '0.00'),
(73, 'VITACEL', '1', '0.00'),
(74, 'RECORTE DE RES', '1', '1629.00'),
(75, 'GRASA DE RES', '1', '0.00'),
(76, 'CABEZA DE LOMO', '1', '994.00'),
(77, 'CUERO DE CERDO', '1', '0.00'),
(78, 'CARNE INDUSTRIAL', '1', '1665.00'),
(81, 'PROTEINA', '0', '0.00'),
(82, 'RES', '0', '0.00'),
(83, 'RECICLE', '0', '0.00'),
(84, 'grasa de cerdo', '0', '0.00'),
(85, 'promul', '0', '0.00'),
(86, 'granulos', '0', '0.00'),
(87, 'COSTILLA', '0', '0.00'),
(88, 'bolsas', '0', '0.00'),
(89, 'PROTEINA AL 70', '0', '0.00'),
(90, 'COND. LONGANIZA', '1', '13.00'),
(91, 'COND. TOCINETA', '1', '19.20'),
(92, 'COND. MANGUERA', '1', '0.00'),
(93, 'CARNAL', '1', '0.00'),
(94, 'ARCON', '1', '430.40'),
(95, 'COND. CERDO AHUMADO', '1', '50.00'),
(96, 'COND. MEGA', '1', '108.00'),
(97, 'COND. R PRECOCIDO', '1', '0.00'),
(98, 'COND. CHORIZO POLLO', '1', '17.00'),
(99, 'COND. PERNIL CERDO', '1', '0.00'),
(100, 'COND. HAMBURG. RES', '1', '0.00'),
(101, 'COND. MORTADELA', '1', '14.50'),
(102, 'COND. JAMÓN', '1', '27.70'),
(103, 'CARRAGEL', '1', '1.65'),
(104, 'COND. PUERRO', '1', '0.00'),
(105, 'COND. TERNERA', '1', '0.00'),
(106, 'COND. PICANTE', '1', '0.00'),
(107, 'COND. SALCHICHA AMERICANA', '1', '8.00'),
(108, 'SAL S10', '1', '0.00'),
(109, 'COND. HAMBURG. POLLO', '1', '20.00'),
(110, 'COND. CH', '1', '0.00'),
(111, 'COND. RH', '1', '0.00'),
(112, 'MADEJA DE CERDO', '1', '0.00'),
(113, 'CORIA 18*20', '1', '0.00'),
(114, 'HILO GRUESO', '1', '0.00'),
(115, 'EMPAQUE JAMON', '1', '0.00'),
(116, 'EMPAQUE SALCHICHON', '1', '0.00'),
(117, 'DEBRO 30', '1', '0.00'),
(118, 'PROTEINA DE SOYA', '1', '0.00'),
(119, 'FIBRA DE COLAGENO', '1', '0.00'),
(120, 'TEXTURIZADO DE SOYA', '1', '0.00'),
(121, 'HARINA DE TRIGO', '1', '97.50'),
(122, 'SMOKE OIL', '1', '96.00'),
(123, 'NATURSOL', '1', '140.00'),
(124, 'CONDIMENTO MIXTO PRECOCIDO', '1', '36.00'),
(125, 'FOSFATO', '1', '12.90'),
(126, 'CONDIMENTO SALCHICHA MANGUERA', '1', '15.00'),
(127, 'HAMBURGUESA RES', '1', '20.00'),
(128, 'PUERRO', '1', '0.75'),
(129, 'CONDIMENTO CHORIZO CRIOLLO', '1', '22.00'),
(130, 'CONDIMENTO CHORIZO TERNERA', '1', '18.00'),
(131, 'CONDIMENTO CHORIZO COCTEL CERDO', '1', '9.50'),
(132, 'CONDIMENTO SALCHICHÓN', '1', '10.00'),
(133, 'CONDIMENTO SALCHICHA HOT DOG', '1', '13.00'),
(134, 'CODIMENTO CHORIZO PICANTE', '1', '6.20'),
(135, 'CONDIMENTO SALCHICHA RANCHERA', '1', '11.50'),
(137, 'BOLSA TOCINETA LIBRA', '2', '5082.00'),
(140, 'BOLSA TOCINETA MEDIA', '2', '8448.00'),
(141, 'BOLSA TOCINETA CUARTO', '2', '9180.00'),
(142, 'BOLSA CHORIZO MEGA CUNCIA', '2', '6125.00'),
(143, 'BOLSA CHORIZO POLLO', '2', '8425.00'),
(144, 'BOLSA CHORIZO CRIOLLO', '2', '8149.00'),
(145, 'BOLSA CHORIZO PICANTE', '2', '4896.00'),
(146, 'BOLSA CHORIZO PREMIUM', '2', '2123.00'),
(147, 'BOLSA CHORIZO TERNERA', '2', '2467.00'),
(148, 'BOLSA JAMON LIBRA', '2', '10082.00'),
(149, 'BOLSA JAMON MEDIA', '2', '9600.00'),
(150, 'BOLSA JAMON BLOQUE', '2', '5817.00'),
(151, 'BOLSA HAMBURGUESA * 22', '2', '21772.00'),
(152, 'BOLSA HAMBURGUESA * 5', '2', '15614.00'),
(153, 'HAMBURGUESA CHORIZO TRADICIONAL', '2', '3004.00'),
(154, 'BOLSA LONGANIZA', '2', '8800.00'),
(155, 'BOLSA TOCINETA LIBRA BLANCA', '2', '98.00'),
(156, 'BOLSA TOCINETA MEDIA BLANCA', '2', '149.00'),
(157, 'BOLSA CHORIZO BLANCA 19*28', '2', '2229.00'),
(158, 'BOLSA COCTEL', '2', '94.00'),
(159, 'BOLSA 35*50', '2', '140.00'),
(160, 'BOLSA HAMBURGUESA DE POLLO', '2', '30.00'),
(161, 'BOLSA 20*30', '2', '3800.00'),
(162, 'BOLSA 25*30', '2', '4200.00'),
(163, 'BOLSA 25*45', '2', '1200.00'),
(164, 'BOLSA 18*25', '2', '3400.00'),
(165, 'BOLSA 50*35', '2', '1600.00'),
(166, 'BOLSA 18*30', '2', '2000.00'),
(167, 'BOLSA 18*22', '2', '3200.00'),
(168, 'BOLSA 15*18', '2', '4000.00'),
(169, 'DEVRO', '2', '46.00'),
(170, 'HOT DOG 18/20', '2', '34.00'),
(171, 'AMERICANA 26/28', '2', '43.00'),
(172, 'BOLSA JAMON', '2', '15.00'),
(173, 'MADEJA *5', '2', '120.00'),
(174, 'MADEJA *2', '2', '100.00'),
(175, 'CORIA 19/50', '2', '566.00'),
(176, 'CORIA 26/50', '2', '184.00'),
(177, 'EMPAQUE MANGUERA', '2', '540.00'),
(178, 'MIGA', '1', '9.00');

-- --------------------------------------------------------

--
-- Estructura de tabla para la tabla `inventario_empaque_vacio`
--

DROP TABLE IF EXISTS `inventario_empaque_vacio`;
CREATE TABLE IF NOT EXISTS `inventario_empaque_vacio` (
  `id` int(11) unsigned NOT NULL AUTO_INCREMENT,
  `producto` varchar(50) NOT NULL,
  `unidad` int(11) unsigned NOT NULL,
  `lote` varchar(20) NOT NULL,
  `a` varchar(2) NOT NULL,
  PRIMARY KEY (`id`)
) ENGINE=InnoDB DEFAULT CHARSET=utf8 AUTO_INCREMENT=1 ;

-- --------------------------------------------------------

--
-- Estructura de tabla para la tabla `municipio`
--

DROP TABLE IF EXISTS `municipio`;
CREATE TABLE IF NOT EXISTS `municipio` (
  `coddane` varchar(8) NOT NULL,
  `municipio` varchar(255) NOT NULL,
  `departamento` varchar(255) NOT NULL,
  PRIMARY KEY (`coddane`)
) ENGINE=InnoDB DEFAULT CHARSET=utf8;

-- --------------------------------------------------------

--
-- Estructura de tabla para la tabla `producto`
--

DROP TABLE IF EXISTS `producto`;
CREATE TABLE IF NOT EXISTS `producto` (
  `id` int(11) unsigned NOT NULL AUTO_INCREMENT,
  `nombre` varchar(255) NOT NULL,
  `cantidad` decimal(10,0) unsigned NOT NULL DEFAULT '0',
  PRIMARY KEY (`id`),
  UNIQUE KEY `nombre` (`nombre`)
) ENGINE=InnoDB  DEFAULT CHARSET=utf8 AUTO_INCREMENT=63 ;

--
-- Volcado de datos para la tabla `producto`
--

INSERT INTO `producto` (`id`, `nombre`, `cantidad`) VALUES
(1, 'CHORIZO DE TERNERA', '0'),
(2, 'CHORIZO DE POLLO', '0'),
(3, 'CHORIZO PICANTE', '0'),
(4, 'CHORIZO PREMIUM', '0'),
(5, 'CHORIZO CRIOLLO', '0'),
(6, 'CHORIZO TRADICIONAL AHUMADO', '0'),
(7, 'CHORIZO TRADICIONAL PRECOCIDO', '0'),
(10, 'CHORIZO PAISA', '0'),
(11, 'CHORIZO ESPECIAL AHUMADO', '0'),
(12, 'CHORIZO ESPECIAL CRUDO', '0'),
(13, 'CHORIZO TRADICIONAL CRUDO', '0'),
(15, 'LONGANIZA', '0'),
(16, 'MORTADELA', '0'),
(17, 'JAMON', '0'),
(18, 'JAMON MEDIA', '0'),
(19, 'JAMON 2,5', '0'),
(20, 'JAMON PIERNA', '0'),
(21, 'TOCINETA 4 KILOS', '0'),
(22, 'TOCINETA 2 KILOS', '0'),
(23, 'TOCINETA LIBRA', '0'),
(24, 'TOCINETA MEDIA', '0'),
(25, 'TOCINETA CUARTO', '0'),
(26, 'VILLAO POR 3', '0'),
(27, 'VILLAO POR 5', '0'),
(28, 'VILLAO POR 6', '0'),
(29, 'COSTILLA MEDIA', '0'),
(30, 'COSTILLA LIBRA', '0'),
(31, 'SALCHICHA TIPO AMERICANA', '0'),
(32, 'SALCHICHA HOT DOG', '0'),
(33, 'SALCHICHA TIPO RANCHERA', '0'),
(34, 'SALCHICHA MANGUERA X 8', '0'),
(35, 'SALCHICHA MINI MANGUERA', '0'),
(36, 'SALCHICHA MANGUERA X 16', '0'),
(37, 'SALCHICHON KILO', '0'),
(38, 'SALCHICHON 500', '0'),
(39, 'POLLO RELLENO', '0'),
(40, 'CENAS NAVIDEÑAS', '0'),
(41, 'CHORIZO CLASICO CRUDO', '0'),
(43, 'CHORIZO CLASICO AHUMADO', '0'),
(45, 'CHORIZO CLASICO PRECOCIDO', '0'),
(47, 'HAMBURGUESA DE POLLO', '0'),
(48, 'CHORIZO COCTEL', '0'),
(49, 'ALBONDIGA ', '0'),
(50, 'HAMBURGUESA DE RES', '0'),
(51, 'SALCHICHA MANGUERA', '0'),
(52, 'JAMON DE CERDO', '0'),
(53, 'JAMON YORK', '0'),
(54, 'CHORIZO VILLAVICECIO NARANJA', '0'),
(55, 'JAMON DE PERNIL', '0'),
(56, 'PASTA DE CARNE', '0'),
(57, 'PASTA DE POLLO', '0'),
(58, 'PAVO RELLENO', '0'),
(59, 'SALCHICHON', '0'),
(60, 'TOCINETA', '0'),
(61, 'SALCHICHA RANCHERA', '0'),
(62, 'CHORIZO MEGA CUNCIA', '0');

-- --------------------------------------------------------

--
-- Estructura de tabla para la tabla `proveedor`
--

DROP TABLE IF EXISTS `proveedor`;
CREATE TABLE IF NOT EXISTS `proveedor` (
  `id` int(11) unsigned NOT NULL AUTO_INCREMENT,
  `nom_proveedor` varchar(100) NOT NULL,
  `tipo_proveedor` enum('0','1') NOT NULL COMMENT '0 = empresa\n1 = particular',
  `correo` varchar(255) DEFAULT NULL,
  `celular` varchar(30) DEFAULT NULL,
  `direccion` varchar(255) DEFAULT NULL,
  `tipo_doc` enum('0','1','2') NOT NULL COMMENT '0 = cedula\n1 = extranjeria\n2 = otro',
  `cedula` varchar(50) DEFAULT NULL,
  `municipio_id` varchar(8) DEFAULT NULL,
  `codigo_base` char(3) DEFAULT NULL,
  `tipo` enum('0','1') NOT NULL COMMENT '0 = Carnico\n1 = No Carnico',
  PRIMARY KEY (`id`),
  KEY `lnk_proveedor_municipio` (`municipio_id`) USING BTREE
) ENGINE=InnoDB  DEFAULT CHARSET=utf8 AUTO_INCREMENT=74 ;

--
-- Volcado de datos para la tabla `proveedor`
--

INSERT INTO `proveedor` (`id`, `nom_proveedor`, `tipo_proveedor`, `correo`, `celular`, `direccion`, `tipo_doc`, `cedula`, `municipio_id`, `codigo_base`, `tipo`) VALUES
(2, 'ALIRIO CASALLAS', '0', NULL, NULL, NULL, '0', NULL, NULL, 'CS', '0'),
(3, 'CANTABRIA', '0', NULL, NULL, NULL, '0', NULL, NULL, 'CT', '0'),
(4, 'DANIEL PACHON', '0', NULL, NULL, NULL, '0', NULL, NULL, 'DP', '0'),
(5, 'PORCINARNES', '0', NULL, NULL, NULL, '0', NULL, NULL, 'PC', '0'),
(6, 'TORETOS', '0', NULL, NULL, NULL, '0', NULL, NULL, 'TR', '0'),
(7, 'WILMER GORDILLO', '0', NULL, NULL, NULL, '0', NULL, NULL, 'WG', '0'),
(9, 'CIALTA', '0', NULL, NULL, NULL, '0', NULL, NULL, 'CL', '0'),
(10, 'ORLANDO MORENO', '0', NULL, NULL, NULL, '0', NULL, NULL, 'OM', '0'),
(11, 'WILIAM RODRIGUEZ', '0', NULL, NULL, NULL, '0', NULL, NULL, 'WR', '0'),
(12, 'MIILLER VARGAS', '0', NULL, NULL, NULL, '0', NULL, NULL, 'MV', '0'),
(13, 'JORGE CASTIBLANCO', '0', NULL, NULL, NULL, '0', NULL, NULL, 'JC', '0'),
(14, 'GENUINOS', '0', NULL, NULL, NULL, '0', NULL, NULL, 'GN', '0'),
(15, 'CERCAFE', '0', NULL, NULL, NULL, '0', NULL, NULL, 'CR', '0'),
(16, 'FREDY ACEVEDO', '0', NULL, NULL, NULL, '0', NULL, NULL, 'FA', '0'),
(17, 'CEBOLLA', '0', NULL, NULL, NULL, '0', NULL, NULL, 'CB', '0'),
(18, 'PIMENTON', '0', NULL, NULL, NULL, '0', NULL, NULL, 'PM', '0'),
(19, 'HIELOS IGLU/ ARTICO', '0', NULL, NULL, NULL, '0', NULL, NULL, 'HI', '0'),
(20, 'BUCANERO', '0', NULL, NULL, NULL, '0', NULL, NULL, 'BC', '0'),
(21, 'EDWARD PATIÑO', '0', NULL, NULL, NULL, '0', NULL, NULL, 'EP', '0'),
(22, 'SURTIVALE', '0', NULL, NULL, NULL, '0', NULL, NULL, 'SV', '0'),
(23, 'EDGAR PEREZ', '0', NULL, NULL, NULL, '0', NULL, NULL, 'XP', '0'),
(24, 'GRUPO AL', '0', NULL, NULL, NULL, '0', NULL, NULL, 'GA', '0'),
(25, 'POLO JARA', '0', NULL, NULL, NULL, '0', NULL, NULL, 'PJ', '0'),
(26, 'SANTA SOFIA', '0', NULL, NULL, NULL, '0', NULL, NULL, 'SF', '0'),
(27, 'MARK POLLO', '0', NULL, NULL, NULL, '0', NULL, NULL, 'MK', '0'),
(28, 'INDUSTRIAS ESPINOSA', '0', NULL, NULL, NULL, '0', NULL, NULL, 'IE', '0'),
(29, 'PLASMALIQ', '0', NULL, NULL, NULL, '0', NULL, NULL, 'PL', '0'),
(30, 'JORGE CASTIBLANCO', '0', NULL, NULL, NULL, '0', NULL, NULL, 'JC', '0'),
(31, 'TECNAS', '0', NULL, NULL, NULL, '0', NULL, NULL, NULL, '1'),
(32, 'ALICO', '0', NULL, NULL, NULL, '0', NULL, NULL, NULL, '1'),
(33, 'CI TALSA', '0', NULL, NULL, NULL, '0', NULL, NULL, NULL, '1'),
(34, 'DELTAGEN', '0', NULL, NULL, NULL, '0', NULL, NULL, NULL, '1'),
(35, 'TECNO FOOD', '0', NULL, NULL, NULL, '0', NULL, NULL, NULL, '1'),
(36, 'GLORIA JIMENEZ', '0', NULL, NULL, NULL, '0', NULL, NULL, NULL, '1'),
(37, 'A&R EXPORT', '0', NULL, NULL, NULL, '0', NULL, NULL, NULL, '1'),
(38, 'CONDITA', '0', NULL, NULL, NULL, '0', NULL, NULL, NULL, '1'),
(39, 'AGRO LECHERO', '0', NULL, NULL, NULL, '0', NULL, NULL, NULL, '1'),
(40, 'CIMPA', '0', NULL, NULL, NULL, '0', NULL, NULL, NULL, '1'),
(41, 'QUIMICA AROMATICA', '0', NULL, NULL, NULL, '0', NULL, NULL, NULL, '1'),
(42, 'SURTI QUIMICOS', '0', NULL, NULL, NULL, '0', NULL, NULL, NULL, '1'),
(43, 'SOLUCIONES ALIMENTARIAS', '0', NULL, NULL, NULL, '0', NULL, NULL, NULL, '1'),
(44, 'CALIER DE COLOMBIA', '0', NULL, NULL, NULL, '0', NULL, NULL, NULL, '1'),
(45, 'CONDIMPORTADOS', '0', NULL, NULL, NULL, '0', NULL, NULL, NULL, '1'),
(46, 'GYC', '0', NULL, NULL, NULL, '0', NULL, NULL, NULL, '1'),
(47, 'ELIZABETH NUÑEZ', '0', NULL, NULL, NULL, '0', NULL, NULL, 'EN', '0'),
(48, 'JUAN DIEGO', '0', NULL, NULL, NULL, '0', NULL, NULL, 'JD', '0'),
(49, 'FENTEX', '0', NULL, NULL, NULL, '0', NULL, NULL, 'FX', '0'),
(50, 'LA FAZENDA', '0', NULL, NULL, NULL, '0', NULL, NULL, 'FZ', '0'),
(51, 'LUCY POLLO', '0', NULL, NULL, NULL, '0', NULL, NULL, 'LY', '0'),
(52, 'JUAN CARLOS GONZALEZ', '0', NULL, NULL, NULL, '0', NULL, NULL, 'JK', '0'),
(53, 'GUADALUPE', '0', NULL, NULL, NULL, '0', NULL, NULL, 'GD', '0'),
(54, 'DON POLO', '0', NULL, NULL, NULL, '0', NULL, NULL, 'PJ', '0'),
(55, 'HIELOS DEL SUR', '0', NULL, NULL, NULL, '0', NULL, NULL, 'HL', '0'),
(56, 'ANDRES MARTINEZ', '0', NULL, NULL, NULL, '0', NULL, NULL, 'AM', '0'),
(57, 'LA PREMIUM', '0', NULL, NULL, NULL, '0', NULL, NULL, 'LP', '0'),
(58, 'CENTRO AGROLECHERO', '0', NULL, NULL, NULL, '0', NULL, NULL, NULL, '1'),
(59, 'LA NIEVE', '0', NULL, NULL, NULL, '0', NULL, NULL, NULL, '1'),
(60, 'MERCANTIL CONTINENTAL', '0', NULL, NULL, NULL, '0', NULL, NULL, NULL, '1'),
(61, 'ABASTPS', '0', NULL, NULL, NULL, '0', NULL, NULL, NULL, '1'),
(62, 'PLASTICOS GYC', '0', NULL, NULL, NULL, '0', NULL, NULL, NULL, '1'),
(63, 'TAUSSING', '0', NULL, NULL, NULL, '0', NULL, NULL, NULL, '1'),
(64, 'FREDY MORENO', '0', NULL, NULL, NULL, '0', NULL, NULL, 'FM', '0'),
(65, 'MEGA', '0', NULL, NULL, NULL, '0', NULL, NULL, 'MEG', '0'),
(70, ' MAGROS CARNES', '0', NULL, NULL, NULL, '0', NULL, NULL, 'MC', '0'),
(71, 'BONANZA ', '0', NULL, NULL, NULL, '', NULL, NULL, 'BN', '0');

-- --------------------------------------------------------

--
-- Estructura de tabla para la tabla `proveedor_insumo`
--

DROP TABLE IF EXISTS `proveedor_insumo`;
CREATE TABLE IF NOT EXISTS `proveedor_insumo` (
  `id` int(11) unsigned NOT NULL AUTO_INCREMENT,
  `insumo_id` int(11) unsigned NOT NULL,
  `proveedor_id` int(11) unsigned NOT NULL,
  `cantidad` decimal(10,2) unsigned NOT NULL DEFAULT '0.00',
  PRIMARY KEY (`id`),
  UNIQUE KEY `unico` (`insumo_id`,`proveedor_id`),
  KEY `lnk_proveedor_insumo_proveedor` (`proveedor_id`) USING BTREE
) ENGINE=InnoDB  DEFAULT CHARSET=utf8 AUTO_INCREMENT=293 ;

--
-- Volcado de datos para la tabla `proveedor_insumo`
--

INSERT INTO `proveedor_insumo` (`id`, `insumo_id`, `proveedor_id`, `cantidad`) VALUES
(147, 7, 35, '0.00'),
(148, 8, 41, '0.00'),
(149, 14, 7, '0.00'),
(150, 14, 9, '0.00'),
(151, 14, 10, '0.00'),
(152, 14, 14, '0.00'),
(153, 14, 26, '132.00'),
(154, 14, 47, '0.00'),
(155, 14, 50, '0.00'),
(156, 14, 52, '290.00'),
(157, 31, 3, '0.00'),
(158, 31, 7, '0.00'),
(159, 31, 9, '0.00'),
(160, 31, 10, '0.00'),
(161, 31, 13, '0.00'),
(162, 31, 14, '0.00'),
(163, 31, 28, '578.00'),
(164, 31, 50, '0.00'),
(165, 31, 53, '0.00'),
(166, 31, 56, '0.00'),
(167, 31, 64, '0.00'),
(168, 38, 55, '0.00'),
(169, 46, 24, '0.00'),
(170, 46, 52, '0.00'),
(171, 47, 52, '25.00'),
(172, 51, 29, '36.00'),
(173, 52, 48, '0.00'),
(174, 52, 51, '0.00'),
(175, 54, 44, '0.00'),
(176, 57, 31, '0.00'),
(177, 58, 31, '0.00'),
(178, 58, 45, '125.70'),
(179, 63, 58, '14.88'),
(180, 65, 54, '0.00'),
(181, 66, 40, '0.00'),
(182, 68, 41, '0.00'),
(183, 73, 38, '0.00'),
(184, 74, 4, '0.00'),
(185, 74, 6, '0.00'),
(186, 74, 7, '0.00'),
(187, 74, 23, '0.00'),
(188, 74, 28, '0.00'),
(189, 75, 4, '0.00'),
(190, 75, 7, '0.00'),
(191, 75, 28, '0.00'),
(192, 76, 3, '0.00'),
(193, 76, 5, '0.00'),
(194, 76, 24, '0.00'),
(195, 76, 49, '0.00'),
(196, 76, 57, '0.00'),
(197, 77, 52, '0.00'),
(198, 78, 11, '694.00'),
(199, 90, 45, '13.00'),
(200, 91, 45, '19.20'),
(201, 92, 45, '0.00'),
(202, 93, 45, '0.00'),
(203, 94, 44, '430.40'),
(204, 94, 45, '0.00'),
(205, 95, 45, '50.00'),
(206, 96, 45, '108.00'),
(207, 97, 45, '0.00'),
(208, 98, 45, '17.00'),
(209, 99, 45, '0.00'),
(210, 100, 45, '0.00'),
(211, 101, 45, '14.50'),
(212, 102, 45, '27.70'),
(213, 103, 45, '1.65'),
(214, 104, 45, '0.00'),
(215, 105, 45, '0.00'),
(216, 106, 45, '0.00'),
(217, 107, 45, '8.00'),
(218, 108, 45, '0.00'),
(219, 109, 45, '20.00'),
(220, 110, 45, '0.00'),
(221, 111, 45, '0.00'),
(222, 112, 36, '0.00'),
(223, 113, 36, '0.00'),
(224, 114, 36, '0.00'),
(225, 115, 36, '0.00'),
(226, 116, 36, '0.00'),
(227, 117, 36, '0.00'),
(228, 118, 41, '0.00'),
(229, 119, 41, '0.00'),
(230, 120, 40, '0.00'),
(231, 121, 59, '0.00'),
(232, 121, 61, '97.50'),
(233, 122, 60, '96.00'),
(234, 123, 60, '140.00'),
(235, 124, 45, '36.00'),
(236, 125, 45, '12.90'),
(237, 126, 45, '15.00'),
(238, 127, 45, '20.00'),
(239, 128, 45, '0.75'),
(240, 129, 45, '22.00'),
(241, 130, 45, '18.00'),
(242, 131, 45, '9.50'),
(243, 132, 45, '10.00'),
(244, 133, 45, '13.00'),
(245, 134, 45, '6.20'),
(246, 135, 45, '11.50'),
(247, 137, 62, '5082.00'),
(248, 140, 62, '8448.00'),
(249, 141, 62, '9180.00'),
(250, 142, 62, '6125.00'),
(251, 143, 62, '8425.00'),
(252, 144, 62, '8149.00'),
(253, 145, 62, '4896.00'),
(254, 146, 62, '2123.00'),
(255, 147, 62, '2467.00'),
(256, 148, 62, '10082.00'),
(257, 149, 62, '9600.00'),
(258, 150, 62, '5817.00'),
(259, 151, 32, '21772.00'),
(260, 152, 32, '15614.00'),
(261, 153, 62, '3004.00'),
(262, 154, 62, '8800.00'),
(263, 155, 62, '98.00'),
(264, 156, 62, '149.00'),
(265, 157, 62, '2229.00'),
(266, 158, 62, '94.00'),
(267, 159, 62, '140.00'),
(268, 160, 62, '30.00'),
(269, 161, 62, '3800.00'),
(270, 162, 62, '4200.00'),
(271, 163, 62, '1200.00'),
(272, 164, 62, '3400.00'),
(273, 165, 62, '1600.00'),
(274, 166, 62, '2000.00'),
(275, 167, 62, '3200.00'),
(276, 168, 62, '4000.00'),
(277, 169, 63, '46.00'),
(278, 170, 63, '34.00'),
(279, 171, 63, '43.00'),
(280, 172, 36, '15.00'),
(281, 173, 36, '120.00'),
(282, 174, 36, '100.00'),
(283, 175, 36, '566.00'),
(284, 176, 36, '184.00'),
(285, 177, 63, '540.00'),
(288, 28, 65, '0.00'),
(289, 74, 65, '0.00'),
(290, 14, 64, '0.00'),
(291, 31, 70, '0.00'),
(292, 31, 71, '0.00');

-- --------------------------------------------------------

--
-- Estructura de tabla para la tabla `recepcion_materia_prima_carnica`
--

DROP TABLE IF EXISTS `recepcion_materia_prima_carnica`;
CREATE TABLE IF NOT EXISTS `recepcion_materia_prima_carnica` (
  `id` int(11) unsigned NOT NULL AUTO_INCREMENT,
  `fec_ingreso` date NOT NULL,
  `lote_interno` varchar(100) NOT NULL,
  `proveedor` int(11) unsigned NOT NULL,
  `materia_prima_insumo` int(11) unsigned NOT NULL,
  `peso` decimal(4,1) unsigned NOT NULL,
  `temperatura_llegada` decimal(2,1) NOT NULL,
  `carct_orgleptica_color` enum('0','1','NA') NOT NULL,
  `carct_orgleptica_olor` enum('0','1','NA') NOT NULL,
  `carct_orgleptica_c_temperatura` enum('0','1','NA') NOT NULL,
  `hgiene_vehiculo` enum('0','1') NOT NULL,
  `hgiene_canastas` enum('0','1') NOT NULL,
  `conductor_dotacion` enum('0','1','NA') NOT NULL,
  `conductor_higiene` enum('0','1','NA') NOT NULL,
  `devolucion_si_no` enum('0','1') NOT NULL,
  `devolucion_peso` enum('0','1','NA') DEFAULT NULL,
  `recibido` int(11) NOT NULL,
  `observaciones` varchar(255) DEFAULT NULL,
  PRIMARY KEY (`id`),
  KEY `lnk_recepcion_materia_prima_carnica_insumo` (`materia_prima_insumo`) USING BTREE,
  KEY `lnk_recepcion_materia_prima_carnica_proveedor` (`proveedor`) USING BTREE,
  KEY `lnk_recepcion_materia_prima_carnica_User` (`recibido`) USING BTREE
) ENGINE=InnoDB  DEFAULT CHARSET=utf8 AUTO_INCREMENT=3 ;

--
-- Volcado de datos para la tabla `recepcion_materia_prima_carnica`
--

INSERT INTO `recepcion_materia_prima_carnica` (`id`, `fec_ingreso`, `lote_interno`, `proveedor`, `materia_prima_insumo`, `peso`, `temperatura_llegada`, `carct_orgleptica_color`, `carct_orgleptica_olor`, `carct_orgleptica_c_temperatura`, `hgiene_vehiculo`, `hgiene_canastas`, `conductor_dotacion`, `conductor_higiene`, `devolucion_si_no`, `devolucion_peso`, `recibido`, `observaciones`) VALUES
(2, '2015-06-23', 'IE1', 28, 31, '440.0', '4.0', '1', '1', '1', '1', '1', '1', '1', '0', '0', 23, '');

-- --------------------------------------------------------

--
-- Estructura de tabla para la tabla `recepcion_materia_prima_no_carnica`
--

DROP TABLE IF EXISTS `recepcion_materia_prima_no_carnica`;
CREATE TABLE IF NOT EXISTS `recepcion_materia_prima_no_carnica` (
  `id` int(11) unsigned NOT NULL AUTO_INCREMENT,
  `fec_ingreso` date NOT NULL,
  `lote_interno` int(11) unsigned NOT NULL DEFAULT '0',
  `fec_vencimiento` date NOT NULL,
  `proveedor_id` int(11) unsigned NOT NULL,
  `materia_prima_insumo` int(11) unsigned NOT NULL,
  `peso_total` int(11) unsigned NOT NULL,
  `unidades` smallint(11) unsigned NOT NULL,
  `num_lote_externo` varchar(100) NOT NULL,
  `caract_fisicas_empaque` enum('0','1') NOT NULL,
  `caract_fisicas_rotulado` enum('0','1') NOT NULL,
  `devolucion_si_no` enum('0','1') NOT NULL COMMENT '0 = no\n1 = si',
  `devolucion_peso_unidades` decimal(4,1) unsigned NOT NULL,
  `recibido` int(11) NOT NULL,
  `observaciones` varchar(255) DEFAULT NULL,
  PRIMARY KEY (`id`),
  KEY `lnk_recepcion_materia_prima_no_carnica_insumo` (`materia_prima_insumo`) USING BTREE,
  KEY `lnk_recepcion_materia_prima_no_carnica_proveedor` (`proveedor_id`) USING BTREE,
  KEY `lnk_recepcion_materia_prima_no_carnica_User` (`recibido`) USING BTREE
) ENGINE=InnoDB  DEFAULT CHARSET=utf8 AUTO_INCREMENT=2 ;

-- --------------------------------------------------------

--
-- Estructura de tabla para la tabla `reporte_control_horneado`
--

DROP TABLE IF EXISTS `reporte_control_horneado`;
CREATE TABLE IF NOT EXISTS `reporte_control_horneado` (
  `id` int(11) unsigned NOT NULL AUTO_INCREMENT,
  `fecha` date NOT NULL,
  `tanda` smallint(11) unsigned NOT NULL,
  `producto` varchar(100) NOT NULL,
  `cantidad` int(11) unsigned DEFAULT NULL,
  `averias` smallint(11) unsigned DEFAULT NULL,
  `codigo_reproceso` varchar(50) DEFAULT NULL,
  `numero_programa` varchar(2) DEFAULT '6',
  `temperatura_salida` int(11) unsigned DEFAULT '63',
  `temperatura_coccion` int(11) unsigned DEFAULT '75',
  `sostenimiento_tiempo` int(11) unsigned DEFAULT '3',
  `sostenimiento_temperatura_interna` int(11) unsigned DEFAULT '74',
  `caract_organoleptica_color` varchar(2) DEFAULT '1',
  `caract_organoleptica_olor` varchar(2) DEFAULT '1',
  `caract_organoleptica_sabor` varchar(2) DEFAULT '1',
  `caract_organoleptica_textura` varchar(2) DEFAULT '1',
  `caract_fisicas_tamano` varchar(2) DEFAULT '1',
  `caract_fisicas_forma` varchar(2) DEFAULT '1',
  `responsable_id` int(11) NOT NULL,
  PRIMARY KEY (`id`),
  KEY `lnk_reporte_control_horneado_User` (`responsable_id`) USING BTREE
) ENGINE=InnoDB  DEFAULT CHARSET=utf8 AUTO_INCREMENT=2 ;

--
-- Volcado de datos para la tabla `reporte_control_horneado`
--

INSERT INTO `reporte_control_horneado` (`id`, `fecha`, `tanda`, `producto`, `cantidad`, `averias`, `codigo_reproceso`, `numero_programa`, `temperatura_salida`, `temperatura_coccion`, `sostenimiento_tiempo`, `sostenimiento_temperatura_interna`, `caract_organoleptica_color`, `caract_organoleptica_olor`, `caract_organoleptica_sabor`, `caract_organoleptica_textura`, `caract_fisicas_tamano`, `caract_fisicas_forma`, `responsable_id`) VALUES
(1, '2015-05-22', 111, 'ññlñ', 12, 11, '2', '2', 1, 1, 1, 1, '1', '1', '1', NULL, '1', '1', 22);

-- --------------------------------------------------------

--
-- Estructura de tabla para la tabla `reporte_empaque_vacio`
--

DROP TABLE IF EXISTS `reporte_empaque_vacio`;
CREATE TABLE IF NOT EXISTS `reporte_empaque_vacio` (
  `id` int(11) unsigned NOT NULL AUTO_INCREMENT,
  `fecha` date NOT NULL,
  `producto` varchar(100) NOT NULL,
  `total_paquetes` smallint(11) unsigned NOT NULL,
  `peso` smallint(11) unsigned NOT NULL,
  `numero_lote` varchar(100) NOT NULL,
  `carac_fisicas_color` varchar(2) NOT NULL,
  `carac_fisicas_olor` varchar(2) NOT NULL,
  `carac_fisicas_tamano` varchar(2) NOT NULL,
  `carac_fisicas_forma` varchar(2) NOT NULL,
  `carac_fisicas_exur` varchar(2) NOT NULL,
  `responsable_id` int(11) NOT NULL,
  PRIMARY KEY (`id`),
  KEY `lnk_reporte_empaque_vacio_User` (`responsable_id`) USING BTREE
) ENGINE=InnoDB  DEFAULT CHARSET=utf8 AUTO_INCREMENT=2 ;

--
-- Volcado de datos para la tabla `reporte_empaque_vacio`
--

INSERT INTO `reporte_empaque_vacio` (`id`, `fecha`, `producto`, `total_paquetes`, `peso`, `numero_lote`, `carac_fisicas_color`, `carac_fisicas_olor`, `carac_fisicas_tamano`, `carac_fisicas_forma`, `carac_fisicas_exur`, `responsable_id`) VALUES
(1, '2015-05-12', '14114', 12, 12, '154548', '1', '1', '1', '1', '1', 22);

-- --------------------------------------------------------

--
-- Estructura de tabla para la tabla `User`
--

DROP TABLE IF EXISTS `User`;
CREATE TABLE IF NOT EXISTS `User` (
  `id` int(11) NOT NULL AUTO_INCREMENT,
  `username` varchar(45) DEFAULT NULL,
  `password` varchar(254) DEFAULT NULL,
  `nombres` varchar(500) DEFAULT NULL,
  `tipo_doc` int(11) DEFAULT NULL,
  `num_doc` varchar(50) NOT NULL,
  `typeUser` int(11) DEFAULT NULL,
  `email` varchar(255) DEFAULT NULL,
  `estado` enum('0','1') DEFAULT '1' COMMENT '0 = Inactivo\n1 = Activo',
  PRIMARY KEY (`id`)
) ENGINE=InnoDB  DEFAULT CHARSET=latin1 AUTO_INCREMENT=24 ;

--
-- Volcado de datos para la tabla `User`
--

INSERT INTO `User` (`id`, `username`, `password`, `nombres`, `tipo_doc`, `num_doc`, `typeUser`, `email`, `estado`) VALUES
(22, 'jadmin', 'Asdf1234$', 'juanito', NULL, '', NULL, NULL, ''),
(23, 'admin', '123', 'Usuario Mega', NULL, '', NULL, NULL, '1');

-- --------------------------------------------------------

--
-- Estructura de tabla para la tabla `vs_database_diagrams`
--

DROP TABLE IF EXISTS `vs_database_diagrams`;
CREATE TABLE IF NOT EXISTS `vs_database_diagrams` (
  `name` char(80) DEFAULT NULL,
  `diadata` text,
  `comment` varchar(1022) DEFAULT NULL,
  `preview` text,
  `lockinfo` char(80) DEFAULT NULL,
  `locktime` timestamp NOT NULL DEFAULT CURRENT_TIMESTAMP ON UPDATE CURRENT_TIMESTAMP,
  `version` char(80) DEFAULT NULL
) ENGINE=MyISAM DEFAULT CHARSET=latin1;

--
-- Volcado de datos para la tabla `vs_database_diagrams`
--

INSERT INTO `vs_database_diagrams` (`name`, `diadata`, `comment`, `preview`, `lockinfo`, `locktime`, `version`) VALUES
('p', 'PD94bWwgdmVyc2lvbj0iMS4wIiBlbmNvZGluZz0idXRmLTgiPz4KPHByb3BlcnRpZXM+Cgk8Q29udHJvbHM+CgkJPFRhYmxlPgoJCQk8UGFyZW50IHZhbHVlPSIjVE9QIi8+CgkJCTxQcm9wZXJ0aWVzPgoJCQkJPF5jaGVja3MgdmFsdWU9IjAiLz4KCQkJCTxeZ3JvdXAgdmFsdWU9Ii0xIi8+CgkJCQk8XmhlaWdodCB2YWx1ZT0iLTEiLz4KCQkJCTxeaW5kZXhlcyB2YWx1ZT0iMCIvPgoJCQkJPF5sZXZlbCB2YWx1ZT0iMyIvPgoJCQkJPF5saW5rcyB2YWx1ZT0iMCIvPgoJCQkJPF5sb2NrIHZhbHVlPSIwIi8+CgkJCQk8Xm1ldGhvZHMgdmFsdWU9IjAiLz4KCQkJCTxebWluaW1pemVkIHZhbHVlPSIwIi8+CgkJCQk8XnByb3BlcnRpZXMgdmFsdWU9IjAiLz4KCQkJCTxedHJpZ2dlcnMgdmFsdWU9IjAiLz4KCQkJCTxedW5pcXVlcyB2YWx1ZT0iMCIvPgoJCQkJPGJhY2tfY29sb3IgdmFsdWU9IkI0RDY0NzAwIi8+CgkJCQk8bmFtZSB2YWx1ZT0iVGFibGUiLz4KCQkJCTxwb3NpdGlvbiB2YWx1ZT0iNTkzOzM2Ii8+CgkJCQk8c2l6ZSB2YWx1ZT0iMjUwOzMyMCIvPgoJCQk8L1Byb3BlcnRpZXM+CgkJCTxUeXBlIHZhbHVlPSJUYWJsZSIvPgoJCTwvVGFibGU+CgkJPFRhYmxlMT4KCQkJPFBhcmVudCB2YWx1ZT0iI1RPUCIvPgoJCQk8UHJvcGVydGllcz4KCQkJCTxeY2hlY2tzIHZhbHVlPSIwIi8+CgkJCQk8Xmdyb3VwIHZhbHVlPSItMSIvPgoJCQkJPF5oZWlnaHQgdmFsdWU9Ii0xIi8+CgkJCQk8XmluZGV4ZXMgdmFsdWU9IjAiLz4KCQkJCTxebGV2ZWwgdmFsdWU9IjIiLz4KCQkJCTxebGlua3MgdmFsdWU9IjAiLz4KCQkJCTxebG9jayB2YWx1ZT0iMCIvPgoJCQkJPF5tZXRob2RzIHZhbHVlPSIwIi8+CgkJCQk8Xm1pbmltaXplZCB2YWx1ZT0iMCIvPgoJCQkJPF5wcm9wZXJ0aWVzIHZhbHVlPSIwIi8+CgkJCQk8XnRyaWdnZXJzIHZhbHVlPSIwIi8+CgkJCQk8XnVuaXF1ZXMgdmFsdWU9IjAiLz4KCQkJCTxiYWNrX2NvbG9yIHZhbHVlPSJCNEQ2NDcwMCIvPgoJCQkJPG5hbWUgdmFsdWU9IlRhYmxlMSIvPgoJCQkJPHBvc2l0aW9uIHZhbHVlPSIyMTs1MCIvPgoJCQkJPHNpemUgdmFsdWU9IjIwOTsyMzAiLz4KCQkJPC9Qcm9wZXJ0aWVzPgoJCQk8VHlwZSB2YWx1ZT0iVGFibGUiLz4KCQk8L1RhYmxlMT4KCQk8VGFibGUyPgoJCQk8UGFyZW50IHZhbHVlPSIjVE9QIi8+CgkJCTxQcm9wZXJ0aWVzPgoJCQkJPF5jaGVja3MgdmFsdWU9IjAiLz4KCQkJCTxeZ3JvdXAgdmFsdWU9Ii0xIi8+CgkJCQk8XmhlaWdodCB2YWx1ZT0iLTEiLz4KCQkJCTxeaW5kZXhlcyB2YWx1ZT0iMCIvPgoJCQkJPF5sZXZlbCB2YWx1ZT0iMSIvPgoJCQkJPF5saW5rcyB2YWx1ZT0iMCIvPgoJCQkJPF5sb2NrIHZhbHVlPSIwIi8+CgkJCQk8Xm1ldGhvZHMgdmFsdWU9IjAiLz4KCQkJCTxebWluaW1pemVkIHZhbHVlPSIwIi8+CgkJCQk8XnByb3BlcnRpZXMgdmFsdWU9IjAiLz4KCQkJCTxedHJpZ2dlcnMgdmFsdWU9IjAiLz4KCQkJCTxedW5pcXVlcyB2YWx1ZT0iMCIvPgoJCQkJPGJhY2tfY29sb3IgdmFsdWU9IkI0RDY0NzAwIi8+CgkJCQk8bmFtZSB2YWx1ZT0iVGFibGUyIi8+CgkJCQk8cG9zaXRpb24gdmFsdWU9IjMyMTsxOTciLz4KCQkJCTxzaXplIHZhbHVlPSIyNTU7Mzc0Ii8+CgkJCTwvUHJvcGVydGllcz4KCQkJPFR5cGUgdmFsdWU9IlRhYmxlIi8+CgkJPC9UYWJsZTI+CgkJPHA+CgkJCTxQcm9wZXJ0aWVzPgoJCQkJPF5sb2NrIHZhbHVlPSIwIi8+CgkJCQk8YmFja19jb2xvciB2YWx1ZT0iRkZGRkZGIi8+CgkJCQk8Z2FtbWEgdmFsdWU9IjAiLz4KCQkJCTxuYW1lIHZhbHVlPSJwIi8+CgkJCQk8c2l6ZSB2YWx1ZT0iMjA0ODsyMDQ4Ii8+CgkJCQk8c3R5bGUgdmFsdWU9IjQiLz4KCQkJCTxzdHlsZV9saW5rcyB2YWx1ZT0iMCIvPgoJCQkJPHVuaXRzIHZhbHVlPSI1Ii8+CgkJCTwvUHJvcGVydGllcz4KCQkJPFR5cGUgdmFsdWU9IkRpYWdyYW0iLz4KCQk8L3A+Cgk8L0NvbnRyb2xzPgoJPEdVST4KCQk8RnVsbFRvb2xiYXJMZWZ0IHZhbHVlPSIxIi8+CgkJPEZ1bGxUb29sYmFyUmlnaHQgdmFsdWU9IjEiLz4KCQk8UGFnZUVkaXRvciB2YWx1ZT0iLTEiLz4KCQk8UGFnZUVkaXRvckggdmFsdWU9IjAiLz4KCQk8UGFnZVRvb2xiYXJMZWZ0IHZhbHVlPSIwIi8+CgkJPFBhZ2VUb29sYmFyUkIgdmFsdWU9IjAiLz4KCQk8UGFnZVRvb2xiYXJSaWdodCB2YWx1ZT0iMCIvPgoJCTxQYW5lQ2xpcGJvYXJkIHZhbHVlPSIwIi8+CgkJPFBhbmVMYXlvdXQgdmFsdWU9IjAiLz4KCQk8UGFuZVZpZXcgdmFsdWU9IjAiLz4KCQk8U2Nyb2xsWCB2YWx1ZT0iMCIvPgoJCTxTY3JvbGxZIHZhbHVlPSIwIi8+CgkJPFNlbGVjdGlvbiB2YWx1ZT0iVkdGaWJHVXkiLz4KCQk8U2hvd0FsbCB2YWx1ZT0iMSIvPgoJCTxTaG93Q2hhbmdlcyB2YWx1ZT0iMSIvPgoJCTxTaG93R0wgdmFsdWU9IjEiLz4KCQk8U2hvd0dyaWQgdmFsdWU9IjEiLz4KCQk8VXNlR3JpZCB2YWx1ZT0iMCIvPgoJPC9HVUk+Cgk8TW9kZWw+CgkJPG1lZ2FjaG9yaXpvcz4KCQkJPGxpbms+CgkJCQk8bzA+CgkJCQkJPENoYW5nZXMgdmFsdWU9IiIvPgoJCQkJCTxQcm9wZXJ0aWVzPgoJCQkJCQk8Q2FyZGluYWxpdHkgdmFsdWU9Ik9ORSB0byBNQU5ZIi8+CgkJCQkJCTxDaGlsZF9UYWJsZSB2YWx1ZT0icmVjZXBjaW9uX21hdGVyaWFfcHJpbWFfY2FybmljYSIvPgoJCQkJCQk8Rm9yZWlnbl9LZXkgdmFsdWU9ImNISnZkbVZsWkc5eSIvPgoJCQkJCQk8TmFtZSB2YWx1ZT0ibG5rX3JlY2VwY2lvbl9tYXRlcmlhX3ByaW1hX2Nhcm5pY2FfcHJvdmVlZG9yIi8+CgkJCQkJCTxPbl9EZWxldGUgdmFsdWU9Ik5vIEFjdGlvbiIvPgoJCQkJCQk8T25fVXBkYXRlIHZhbHVlPSJDYXNjYWRlIi8+CgkJCQkJCTxQYXJlbnRfVGFibGUgdmFsdWU9InByb3ZlZWRvciIvPgoJCQkJCQk8UHJpbWFyeV9LZXkgdmFsdWU9ImFXUT0iLz4KCQkJCQk8L1Byb3BlcnRpZXM+CgkJCQkJPGNvbnRyb2wgdmFsdWU9IiIvPgoJCQkJCTxkZWxldGUgdmFsdWU9IjAiLz4KCQkJCQk8bmFtZSB2YWx1ZT0ibG5rX3JlY2VwY2lvbl9tYXRlcmlhX3ByaW1hX2Nhcm5pY2FfcHJvdmVlZG9yIi8+CgkJCQk8L28wPgoJCQkJPG8xPgoJCQkJCTxDaGFuZ2VzIHZhbHVlPSIiLz4KCQkJCQk8UHJvcGVydGllcz4KCQkJCQkJPENhcmRpbmFsaXR5IHZhbHVlPSJPTkUgdG8gTUFOWSIvPgoJCQkJCQk8Q2hpbGRfVGFibGUgdmFsdWU9InJlY2VwY2lvbl9tYXRlcmlhX3ByaW1hX25vX2Nhcm5pY2EiLz4KCQkJCQkJPEZvcmVpZ25fS2V5IHZhbHVlPSJjSEp2ZG1WbFpHOXlYMmxrIi8+CgkJCQkJCTxOYW1lIHZhbHVlPSJsbmtfcmVjZXBjaW9uX21hdGVyaWFfcHJpbWFfbm9fY2FybmljYV9wcm92ZWVkb3IiLz4KCQkJCQkJPE9uX0RlbGV0ZSB2YWx1ZT0iTm8gQWN0aW9uIi8+CgkJCQkJCTxPbl9VcGRhdGUgdmFsdWU9IkNhc2NhZGUiLz4KCQkJCQkJPFBhcmVudF9UYWJsZSB2YWx1ZT0icHJvdmVlZG9yIi8+CgkJCQkJCTxQcmltYXJ5X0tleSB2YWx1ZT0iYVdRPSIvPgoJCQkJCTwvUHJvcGVydGllcz4KCQkJCQk8Y29udHJvbCB2YWx1ZT0iIi8+CgkJCQkJPGRlbGV0ZSB2YWx1ZT0iMCIvPgoJCQkJCTxuYW1lIHZhbHVlPSJsbmtfcmVjZXBjaW9uX21hdGVyaWFfcHJpbWFfbm9fY2FybmljYV9wcm92ZWVkb3IiLz4KCQkJCTwvbzE+CgkJCTwvbGluaz4KCQkJPHRhYmxlPgoJCQkJPG8wPgoJCQkJCTxDaGFuZ2VzIHZhbHVlPSIiLz4KCQkJCQk8UHJvcGVydGllcz4KCQkJCQkJPEF1dG9pbmNyZW1lbnQgdmFsdWU9IjAiLz4KCQkJCQkJPEF2ZXJhZ2VfUm93X1NpemUgdmFsdWU9IjAiLz4KCQkJCQkJPENoYXJzZXQgdmFsdWU9InV0ZjgiLz4KCQkJCQkJPENvbGxhdGlvbiB2YWx1ZT0idXRmOF9nZW5lcmFsX2NpIi8+CgkJCQkJCTxDb21tZW50IHZhbHVlPSIiLz4KCQkJCQkJPENyZWF0ZV9UaW1lIHZhbHVlPSIyMDE1LTAzLTIzIDIwOjQxOjAwIi8+CgkJCQkJCTxFbmdpbmUgdmFsdWU9Iklubm9EQiIvPgoJCQkJCQk8RmllbGRfQ291bnQgdmFsdWU9IjkiLz4KCQkJCQkJPEluZGV4X0NvdW50IHZhbHVlPSIyIi8+CgkJCQkJCTxOYW1lIHZhbHVlPSJwcm92ZWVkb3IiLz4KCQkJCQkJPFByaW1hcnlfS2V5IHZhbHVlPSJhV1E9Ii8+CgkJCQkJCTxTaXplIHZhbHVlPSIzMi4wMCBLYiIvPgoJCQkJCQk8VHJpZ2dlcl9Db3VudCB2YWx1ZT0iMCIvPgoJCQkJCQk8VW5pcXVlX0NvdW50IHZhbHVlPSIxIi8+CgkJCQkJCTxVcGRhdGVfVGltZSB2YWx1ZT0iIi8+CgkJCQkJPC9Qcm9wZXJ0aWVzPgoJCQkJCTxjb250cm9sIHZhbHVlPSJUYWJsZTEiLz4KCQkJCQk8ZGVsZXRlIHZhbHVlPSIwIi8+CgkJCQkJPGZpZWxkPgoJCQkJCQk8bzA+CgkJCQkJCQk8Q2hhbmdlcyB2YWx1ZT0iIi8+CgkJCQkJCQk8UHJvcGVydGllcz4KCQkJCQkJCQk8QXV0b2luY3JlbWVudCB2YWx1ZT0iMCIvPgoJCQkJCQkJCTxDaGFyc2V0IHZhbHVlPSJ1dGY4Ii8+CgkJCQkJCQkJPENvbGxhdGlvbiB2YWx1ZT0idXRmOF9nZW5lcmFsX2NpIi8+CgkJCQkJCQkJPENvbW1lbnQgdmFsdWU9IiIvPgoJCQkJCQkJCTxEZWZhdWx0X1ZhbHVlIHZhbHVlPSIiLz4KCQkJCQkJCQk8RmllbGRfUG9zaXRpb24gdmFsdWU9IjgiLz4KCQkJCQkJCQk8SW5kZXhlZCB2YWx1ZT0iMCIvPgoJCQkJCQkJCTxMZW5ndGggdmFsdWU9IjUwIi8+CgkJCQkJCQkJPE5hbWUgdmFsdWU9ImNlZHVsYSIvPgoJCQkJCQkJCTxOdWxsYWJsZSB2YWx1ZT0iMCIvPgoJCQkJCQkJCTxPbl9VcGRhdGVfU2V0X0N1cnJlbnQgdmFsdWU9IjAiLz4KCQkJCQkJCQk8UHJlY2lzaW9uIHZhbHVlPSIwIi8+CgkJCQkJCQkJPFNjYWxlIHZhbHVlPSIwIi8+CgkJCQkJCQkJPFR5cGUgdmFsdWU9IlZhckNoYXIiLz4KCQkJCQkJCQk8VW5pcXVlIHZhbHVlPSIwIi8+CgkJCQkJCQkJPFVuc2lnbmVkIHZhbHVlPSIwIi8+CgkJCQkJCQkJPFplcm9maWxsIHZhbHVlPSIwIi8+CgkJCQkJCQk8L1Byb3BlcnRpZXM+CgkJCQkJCQk8Y29udHJvbCB2YWx1ZT0iIi8+CgkJCQkJCQk8ZGVsZXRlIHZhbHVlPSIwIi8+CgkJCQkJCQk8bmFtZSB2YWx1ZT0iY2VkdWxhIi8+CgkJCQkJCTwvbzA+CgkJCQkJCTxvMT4KCQkJCQkJCTxDaGFuZ2VzIHZhbHVlPSIiLz4KCQkJCQkJCTxQcm9wZXJ0aWVzPgoJCQkJCQkJCTxBdXRvaW5jcmVtZW50IHZhbHVlPSIwIi8+CgkJCQkJCQkJPENoYXJzZXQgdmFsdWU9InV0ZjgiLz4KCQkJCQkJCQk8Q29sbGF0aW9uIHZhbHVlPSJ1dGY4X2dlbmVyYWxfY2kiLz4KCQkJCQkJCQk8Q29tbWVudCB2YWx1ZT0iIi8+CgkJCQkJCQkJPERlZmF1bHRfVmFsdWUgdmFsdWU9IiIvPgoJCQkJCQkJCTxGaWVsZF9Qb3NpdGlvbiB2YWx1ZT0iNSIvPgoJCQkJCQkJCTxJbmRleGVkIHZhbHVlPSIwIi8+CgkJCQkJCQkJPExlbmd0aCB2YWx1ZT0iMzAiLz4KCQkJCQkJCQk8TmFtZSB2YWx1ZT0iY2VsdWxhciIvPgoJCQkJCQkJCTxOdWxsYWJsZSB2YWx1ZT0iMCIvPgoJCQkJCQkJCTxPbl9VcGRhdGVfU2V0X0N1cnJlbnQgdmFsdWU9IjAiLz4KCQkJCQkJCQk8UHJlY2lzaW9uIHZhbHVlPSIwIi8+CgkJCQkJCQkJPFNjYWxlIHZhbHVlPSIwIi8+CgkJCQkJCQkJPFR5cGUgdmFsdWU9IlZhckNoYXIiLz4KCQkJCQkJCQk8VW5pcXVlIHZhbHVlPSIwIi8+CgkJCQkJCQkJPFVuc2lnbmVkIHZhbHVlPSIwIi8+CgkJCQkJCQkJPFplcm9maWxsIHZhbHVlPSIwIi8+CgkJCQkJCQk8L1Byb3BlcnRpZXM+CgkJCQkJCQk8Y29udHJvbCB2YWx1ZT0iIi8+CgkJCQkJCQk8ZGVsZXRlIHZhbHVlPSIwIi8+CgkJCQkJCQk8bmFtZSB2YWx1ZT0iY2VsdWxhciIvPgoJCQkJCQk8L28xPgoJCQkJCQk8bzI+CgkJCQkJCQk8Q2hhbmdlcyB2YWx1ZT0iIi8+CgkJCQkJCQk8UHJvcGVydGllcz4KCQkJCQkJCQk8QXV0b2luY3JlbWVudCB2YWx1ZT0iMCIvPgoJCQkJCQkJCTxDaGFyc2V0IHZhbHVlPSJ1dGY4Ii8+CgkJCQkJCQkJPENvbGxhdGlvbiB2YWx1ZT0idXRmOF9nZW5lcmFsX2NpIi8+CgkJCQkJCQkJPENvbW1lbnQgdmFsdWU9IiIvPgoJCQkJCQkJCTxEZWZhdWx0X1ZhbHVlIHZhbHVlPSIiLz4KCQkJCQkJCQk8RmllbGRfUG9zaXRpb24gdmFsdWU9IjQiLz4KCQkJCQkJCQk8SW5kZXhlZCB2YWx1ZT0iMCIvPgoJCQkJCQkJCTxMZW5ndGggdmFsdWU9IjI1NSIvPgoJCQkJCQkJCTxOYW1lIHZhbHVlPSJjb3JyZW8iLz4KCQkJCQkJCQk8TnVsbGFibGUgdmFsdWU9IjAiLz4KCQkJCQkJCQk8T25fVXBkYXRlX1NldF9DdXJyZW50IHZhbHVlPSIwIi8+CgkJCQkJCQkJPFByZWNpc2lvbiB2YWx1ZT0iMCIvPgoJCQkJCQkJCTxTY2FsZSB2YWx1ZT0iMCIvPgoJCQkJCQkJCTxUeXBlIHZhbHVlPSJWYXJDaGFyIi8+CgkJCQkJCQkJPFVuaXF1ZSB2YWx1ZT0iMCIvPgoJCQkJCQkJCTxVbnNpZ25lZCB2YWx1ZT0iMCIvPgoJCQkJCQkJCTxaZXJvZmlsbCB2YWx1ZT0iMCIvPgoJCQkJCQkJPC9Qcm9wZXJ0aWVzPgoJCQkJCQkJPGNvbnRyb2wgdmFsdWU9IiIvPgoJCQkJCQkJPGRlbGV0ZSB2YWx1ZT0iMCIvPgoJCQkJCQkJPG5hbWUgdmFsdWU9ImNvcnJlbyIvPgoJCQkJCQk8L28yPgoJCQkJCQk8bzM+CgkJCQkJCQk8Q2hhbmdlcyB2YWx1ZT0iIi8+CgkJCQkJCQk8UHJvcGVydGllcz4KCQkJCQkJCQk8QXV0b2luY3JlbWVudCB2YWx1ZT0iMCIvPgoJCQkJCQkJCTxDaGFyc2V0IHZhbHVlPSJ1dGY4Ii8+CgkJCQkJCQkJPENvbGxhdGlvbiB2YWx1ZT0idXRmOF9nZW5lcmFsX2NpIi8+CgkJCQkJCQkJPENvbW1lbnQgdmFsdWU9IiIvPgoJCQkJCQkJCTxEZWZhdWx0X1ZhbHVlIHZhbHVlPSIiLz4KCQkJCQkJCQk8RmllbGRfUG9zaXRpb24gdmFsdWU9IjYiLz4KCQkJCQkJCQk8SW5kZXhlZCB2YWx1ZT0iMCIvPgoJCQkJCQkJCTxMZW5ndGggdmFsdWU9IjI1NSIvPgoJCQkJCQkJCTxOYW1lIHZhbHVlPSJkaXJlY2Npb24iLz4KCQkJCQkJCQk8TnVsbGFibGUgdmFsdWU9IjAiLz4KCQkJCQkJCQk8T25fVXBkYXRlX1NldF9DdXJyZW50IHZhbHVlPSIwIi8+CgkJCQkJCQkJPFByZWNpc2lvbiB2YWx1ZT0iMCIvPgoJCQkJCQkJCTxTY2FsZSB2YWx1ZT0iMCIvPgoJCQkJCQkJCTxUeXBlIHZhbHVlPSJWYXJDaGFyIi8+CgkJCQkJCQkJPFVuaXF1ZSB2YWx1ZT0iMCIvPgoJCQkJCQkJCTxVbnNpZ25lZCB2YWx1ZT0iMCIvPgoJCQkJCQkJCTxaZXJvZmlsbCB2YWx1ZT0iMCIvPgoJCQkJCQkJPC9Qcm9wZXJ0aWVzPgoJCQkJCQkJPGNvbnRyb2wgdmFsdWU9IiIvPgoJCQkJCQkJPGRlbGV0ZSB2YWx1ZT0iMCIvPgoJCQkJCQkJPG5hbWUgdmFsdWU9ImRpcmVjY2lvbiIvPgoJCQkJCQk8L28zPgoJCQkJCQk8bzQ+CgkJCQkJCQk8Q2hhbmdlcyB2YWx1ZT0iIi8+CgkJCQkJCQk8UHJvcGVydGllcz4KCQkJCQkJCQk8QXV0b2luY3JlbWVudCB2YWx1ZT0iMCIvPgoJCQkJCQkJCTxDaGFyc2V0IHZhbHVlPSIiLz4KCQkJCQkJCQk8Q29sbGF0aW9uIHZhbHVlPSIiLz4KCQkJCQkJCQk8Q29tbWVudCB2YWx1ZT0iIi8+CgkJCQkJCQkJPERlZmF1bHRfVmFsdWUgdmFsdWU9IiIvPgoJCQkJCQkJCTxGaWVsZF9Qb3NpdGlvbiB2YWx1ZT0iMSIvPgoJCQkJCQkJCTxJbmRleGVkIHZhbHVlPSIxIi8+CgkJCQkJCQkJPExlbmd0aCB2YWx1ZT0iMTEiLz4KCQkJCQkJCQk8TmFtZSB2YWx1ZT0iaWQiLz4KCQkJCQkJCQk8TnVsbGFibGUgdmFsdWU9IjAiLz4KCQkJCQkJCQk8T25fVXBkYXRlX1NldF9DdXJyZW50IHZhbHVlPSIwIi8+CgkJCQkJCQkJPFByZWNpc2lvbiB2YWx1ZT0iMTAiLz4KCQkJCQkJCQk8U2NhbGUgdmFsdWU9IjAiLz4KCQkJCQkJCQk8VHlwZSB2YWx1ZT0iSW50Ii8+CgkJCQkJCQkJPFVuaXF1ZSB2YWx1ZT0iMSIvPgoJCQkJCQkJCTxVbnNpZ25lZCB2YWx1ZT0iMSIvPgoJCQkJCQkJCTxaZXJvZmlsbCB2YWx1ZT0iMCIvPgoJCQkJCQkJPC9Qcm9wZXJ0aWVzPgoJCQkJCQkJPGNvbnRyb2wgdmFsdWU9IiIvPgoJCQkJCQkJPGRlbGV0ZSB2YWx1ZT0iMCIvPgoJCQkJCQkJPG5hbWUgdmFsdWU9ImlkIi8+CgkJCQkJCTwvbzQ+CgkJCQkJCTxvNT4KCQkJCQkJCTxDaGFuZ2VzIHZhbHVlPSIiLz4KCQkJCQkJCTxQcm9wZXJ0aWVzPgoJCQkJCQkJCTxBdXRvaW5jcmVtZW50IHZhbHVlPSIwIi8+CgkJCQkJCQkJPENoYXJzZXQgdmFsdWU9InV0ZjgiLz4KCQkJCQkJCQk8Q29sbGF0aW9uIHZhbHVlPSJ1dGY4X2dlbmVyYWxfY2kiLz4KCQkJCQkJCQk8Q29tbWVudCB2YWx1ZT0iIi8+CgkJCQkJCQkJPERlZmF1bHRfVmFsdWUgdmFsdWU9IiIvPgoJCQkJCQkJCTxGaWVsZF9Qb3NpdGlvbiB2YWx1ZT0iOSIvPgoJCQkJCQkJCTxJbmRleGVkIHZhbHVlPSIxIi8+CgkJCQkJCQkJPExlbmd0aCB2YWx1ZT0iOCIvPgoJCQkJCQkJCTxOYW1lIHZhbHVlPSJtdW5pY2lwaW9faWQiLz4KCQkJCQkJCQk8TnVsbGFibGUgdmFsdWU9IjAiLz4KCQkJCQkJCQk8T25fVXBkYXRlX1NldF9DdXJyZW50IHZhbHVlPSIwIi8+CgkJCQkJCQkJPFByZWNpc2lvbiB2YWx1ZT0iMCIvPgoJCQkJCQkJCTxTY2FsZSB2YWx1ZT0iMCIvPgoJCQkJCQkJCTxUeXBlIHZhbHVlPSJWYXJDaGFyIi8+CgkJCQkJCQkJPFVuaXF1ZSB2YWx1ZT0iMCIvPgoJCQkJCQkJCTxVbnNpZ25lZCB2YWx1ZT0iMCIvPgoJCQkJCQkJCTxaZXJvZmlsbCB2YWx1ZT0iMCIvPgoJCQkJCQkJPC9Qcm9wZXJ0aWVzPgoJCQkJCQkJPGNvbnRyb2wgdmFsdWU9IiIvPgoJCQkJCQkJPGRlbGV0ZSB2YWx1ZT0iMCIvPgoJCQkJCQkJPG5hbWUgdmFsdWU9Im11bmljaXBpb19pZCIvPgoJCQkJCQk8L281PgoJCQkJCQk8bzY+CgkJCQkJCQk8Q2hhbmdlcyB2YWx1ZT0iIi8+CgkJCQkJCQk8UHJvcGVydGllcz4KCQkJCQkJCQk8QXV0b2luY3JlbWVudCB2YWx1ZT0iMCIvPgoJCQkJCQkJCTxDaGFyc2V0IHZhbHVlPSJ1dGY4Ii8+CgkJCQkJCQkJPENvbGxhdGlvbiB2YWx1ZT0idXRmOF9nZW5lcmFsX2NpIi8+CgkJCQkJCQkJPENvbW1lbnQgdmFsdWU9IiIvPgoJCQkJCQkJCTxEZWZhdWx0X1ZhbHVlIHZhbHVlPSIiLz4KCQkJCQkJCQk8RmllbGRfUG9zaXRpb24gdmFsdWU9IjIiLz4KCQkJCQkJCQk8SW5kZXhlZCB2YWx1ZT0iMCIvPgoJCQkJCQkJCTxMZW5ndGggdmFsdWU9IjEwMCIvPgoJCQkJCQkJCTxOYW1lIHZhbHVlPSJub21fcHJvdmVlZG9yIi8+CgkJCQkJCQkJPE51bGxhYmxlIHZhbHVlPSIwIi8+CgkJCQkJCQkJPE9uX1VwZGF0ZV9TZXRfQ3VycmVudCB2YWx1ZT0iMCIvPgoJCQkJCQkJCTxQcmVjaXNpb24gdmFsdWU9IjAiLz4KCQkJCQkJCQk8U2NhbGUgdmFsdWU9IjAiLz4KCQkJCQkJCQk8VHlwZSB2YWx1ZT0iVmFyQ2hhciIvPgoJCQkJCQkJCTxVbmlxdWUgdmFsdWU9IjAiLz4KCQkJCQkJCQk8VW5zaWduZWQgdmFsdWU9IjAiLz4KCQkJCQkJCQk8WmVyb2ZpbGwgdmFsdWU9IjAiLz4KCQkJCQkJCTwvUHJvcGVydGllcz4KCQkJCQkJCTxjb250cm9sIHZhbHVlPSIiLz4KCQkJCQkJCTxkZWxldGUgdmFsdWU9IjAiLz4KCQkJCQkJCTxuYW1lIHZhbHVlPSJub21fcHJvdmVlZG9yIi8+CgkJCQkJCTwvbzY+CgkJCQkJCTxvNz4KCQkJCQkJCTxDaGFuZ2VzIHZhbHVlPSIiLz4KCQkJCQkJCTxQcm9wZXJ0aWVzPgoJCQkJCQkJCTxBdXRvaW5jcmVtZW50IHZhbHVlPSIwIi8+CgkJCQkJCQkJPENoYXJzZXQgdmFsdWU9InV0ZjgiLz4KCQkJCQkJCQk8Q29sbGF0aW9uIHZhbHVlPSJ1dGY4X2dlbmVyYWxfY2kiLz4KCQkJCQkJCQk8Q29tbWVudCB2YWx1ZT0iMCA9IGNlZHVsYQoxID0gZXh0cmFuamVyaWEKMiA9IG90cm8iLz4KCQkJCQkJCQk8RGVmYXVsdF9WYWx1ZSB2YWx1ZT0iIi8+CgkJCQkJCQkJPEVsZW1lbnRzIHZhbHVlPSIiLz4KCQkJCQkJCQk8RmllbGRfUG9zaXRpb24gdmFsdWU9IjciLz4KCQkJCQkJCQk8SW5kZXhlZCB2YWx1ZT0iMCIvPgoJCQkJCQkJCTxMZW5ndGggdmFsdWU9Ii0xIi8+CgkJCQkJCQkJPE5hbWUgdmFsdWU9InRpcG9fZG9jIi8+CgkJCQkJCQkJPE51bGxhYmxlIHZhbHVlPSIwIi8+CgkJCQkJCQkJPE9uX1VwZGF0ZV9TZXRfQ3VycmVudCB2YWx1ZT0iMCIvPgoJCQkJCQkJCTxQcmVjaXNpb24gdmFsdWU9IjAiLz4KCQkJCQkJCQk8U2NhbGUgdmFsdWU9IjAiLz4KCQkJCQkJCQk8VHlwZSB2YWx1ZT0iRW51bSIvPgoJCQkJCQkJCTxVbmlxdWUgdmFsdWU9IjAiLz4KCQkJCQkJCQk8VW5zaWduZWQgdmFsdWU9IjAiLz4KCQkJCQkJCQk8WmVyb2ZpbGwgdmFsdWU9IjAiLz4KCQkJCQkJCTwvUHJvcGVydGllcz4KCQkJCQkJCTxjb250cm9sIHZhbHVlPSIiLz4KCQkJCQkJCTxkZWxldGUgdmFsdWU9IjAiLz4KCQkJCQkJCTxuYW1lIHZhbHVlPSJ0aXBvX2RvYyIvPgoJCQkJCQk8L283PgoJCQkJCQk8bzg+CgkJCQkJCQk8Q2hhbmdlcyB2YWx1ZT0iIi8+CgkJCQkJCQk8UHJvcGVydGllcz4KCQkJCQkJCQk8QXV0b2luY3JlbWVudCB2YWx1ZT0iMCIvPgoJCQkJCQkJCTxDaGFyc2V0IHZhbHVlPSJ1dGY4Ii8+CgkJCQkJCQkJPENvbGxhdGlvbiB2YWx1ZT0idXRmOF9nZW5lcmFsX2NpIi8+CgkJCQkJCQkJPENvbW1lbnQgdmFsdWU9IjAgPSBlbXByZXNhCjEgPSBwYXJ0aWN1bGFyIi8+CgkJCQkJCQkJPERlZmF1bHRfVmFsdWUgdmFsdWU9IiIvPgoJCQkJCQkJCTxFbGVtZW50cyB2YWx1ZT0iTUE9PSBNUT09Ii8+CgkJCQkJCQkJPEZpZWxkX1Bvc2l0aW9uIHZhbHVlPSIzIi8+CgkJCQkJCQkJPEluZGV4ZWQgdmFsdWU9IjAiLz4KCQkJCQkJCQk8TGVuZ3RoIHZhbHVlPSItMSIvPgoJCQkJCQkJCTxOYW1lIHZhbHVlPSJ0aXBvX3Byb3ZlZWRvciIvPgoJCQkJCQkJCTxOdWxsYWJsZSB2YWx1ZT0iMCIvPgoJCQkJCQkJCTxPbl9VcGRhdGVfU2V0X0N1cnJlbnQgdmFsdWU9IjAiLz4KCQkJCQkJCQk8UHJlY2lzaW9uIHZhbHVlPSIwIi8+CgkJCQkJCQkJPFNjYWxlIHZhbHVlPSIwIi8+CgkJCQkJCQkJPFR5cGUgdmFsdWU9IkVudW0iLz4KCQkJCQkJCQk8VW5pcXVlIHZhbHVlPSIwIi8+CgkJCQkJCQkJPFVuc2lnbmVkIHZhbHVlPSIwIi8+CgkJCQkJCQkJPFplcm9maWxsIHZhbHVlPSIwIi8+CgkJCQkJCQk8L1Byb3BlcnRpZXM+CgkJCQkJCQk8Y29udHJvbCB2YWx1ZT0iIi8+CgkJCQkJCQk8ZGVsZXRlIHZhbHVlPSIwIi8+CgkJCQkJCQk8bmFtZSB2YWx1ZT0idGlwb19wcm92ZWVkb3IiLz4KCQkJCQkJPC9vOD4KCQkJCQk8L2ZpZWxkPgoJCQkJCTxpbmRleD4KCQkJCQkJPG8wPgoJCQkJCQkJPENoYW5nZXMgdmFsdWU9IiIvPgoJCQkJCQkJPFByb3BlcnRpZXM+CgkJCQkJCQkJPENvbW1lbnQgdmFsdWU9IiIvPgoJCQkJCQkJCTxGaWVsZHMgdmFsdWU9ImJYVnVhV05wY0dsdlgybGsiLz4KCQkJCQkJCQk8TmFtZSB2YWx1ZT0ibG5rX3Byb3ZlZWRvcl9tdW5pY2lwaW8iLz4KCQkJCQkJCQk8VHlwZSB2YWx1ZT0iQlRSRUUiLz4KCQkJCQkJCQk8VW5pcXVlIHZhbHVlPSIwIi8+CgkJCQkJCQk8L1Byb3BlcnRpZXM+CgkJCQkJCQk8Y29udHJvbCB2YWx1ZT0iIi8+CgkJCQkJCQk8ZGVsZXRlIHZhbHVlPSIwIi8+CgkJCQkJCQk8bmFtZSB2YWx1ZT0ibG5rX3Byb3ZlZWRvcl9tdW5pY2lwaW8iLz4KCQkJCQkJPC9vMD4KCQkJCQkJPG8xPgoJCQkJCQkJPENoYW5nZXMgdmFsdWU9IiIvPgoJCQkJCQkJPFByb3BlcnRpZXM+CgkJCQkJCQkJPENvbW1lbnQgdmFsdWU9IiIvPgoJCQkJCQkJCTxGaWVsZHMgdmFsdWU9ImFXUT0iLz4KCQkJCQkJCQk8TmFtZSB2YWx1ZT0iUFJJTUFSWSIvPgoJCQkJCQkJCTxUeXBlIHZhbHVlPSJCVFJFRSIvPgoJCQkJCQkJCTxVbmlxdWUgdmFsdWU9IjEiLz4KCQkJCQkJCTwvUHJvcGVydGllcz4KCQkJCQkJCTxjb250cm9sIHZhbHVlPSIiLz4KCQkJCQkJCTxkZWxldGUgdmFsdWU9IjAiLz4KCQkJCQkJCTxuYW1lIHZhbHVlPSJQUklNQVJZIi8+CgkJCQkJCTwvbzE+CgkJCQkJPC9pbmRleD4KCQkJCQk8bmFtZSB2YWx1ZT0icHJvdmVlZG9yIi8+CgkJCQkJPHVuaXF1ZT4KCQkJCQkJPG8wPgoJCQkJCQkJPENoYW5nZXMgdmFsdWU9IiIvPgoJCQkJCQkJPFByb3BlcnRpZXM+CgkJCQkJCQkJPEZpZWxkcyB2YWx1ZT0iYVdRPSIvPgoJCQkJCQkJCTxOYW1lIHZhbHVlPSJQUklNQVJZIi8+CgkJCQkJCQk8L1Byb3BlcnRpZXM+CgkJCQkJCQk8Y29udHJvbCB2YWx1ZT0iIi8+CgkJCQkJCQk8ZGVsZXRlIHZhbHVlPSIwIi8+CgkJCQkJCQk8bmFtZSB2YWx1ZT0iUFJJTUFSWSIvPgoJCQkJCQk8L28wPgoJCQkJCTwvdW5pcXVlPgoJCQkJPC9vMD4KCQkJCTxvMT4KCQkJCQk8Q2hhbmdlcyB2YWx1ZT0iIi8+CgkJCQkJPFByb3BlcnRpZXM+CgkJCQkJCTxBdXRvaW5jcmVtZW50IHZhbHVlPSIxIi8+CgkJCQkJCTxBdmVyYWdlX1Jvd19TaXplIHZhbHVlPSIwIi8+CgkJCQkJCTxDaGFyc2V0IHZhbHVlPSJ1dGY4Ii8+CgkJCQkJCTxDb2xsYXRpb24gdmFsdWU9InV0ZjhfZ2VuZXJhbF9jaSIvPgoJCQkJCQk8Q29tbWVudCB2YWx1ZT0iIi8+CgkJCQkJCTxDcmVhdGVfVGltZSB2YWx1ZT0iMjAxNS0wNC0yNyAyMDozNDoxMiIvPgoJCQkJCQk8RW5naW5lIHZhbHVlPSJJbm5vREIiLz4KCQkJCQkJPEZpZWxkX0NvdW50IHZhbHVlPSIxNyIvPgoJCQkJCQk8SW5kZXhfQ291bnQgdmFsdWU9IjQiLz4KCQkJCQkJPExpbmtfQ291bnQgdmFsdWU9IjMiLz4KCQkJCQkJPE5hbWUgdmFsdWU9InJlY2VwY2lvbl9tYXRlcmlhX3ByaW1hX2Nhcm5pY2EiLz4KCQkJCQkJPFByaW1hcnlfS2V5IHZhbHVlPSJhV1E9Ii8+CgkJCQkJCTxSZWNvcmRfQ291bnQgdmFsdWU9IjAiLz4KCQkJCQkJPFNpemUgdmFsdWU9IjY0LjAwIEtiIi8+CgkJCQkJCTxUcmlnZ2VyX0NvdW50IHZhbHVlPSIwIi8+CgkJCQkJCTxVbmlxdWVfQ291bnQgdmFsdWU9IjEiLz4KCQkJCQkJPFVwZGF0ZV9UaW1lIHZhbHVlPSIiLz4KCQkJCQk8L1Byb3BlcnRpZXM+CgkJCQkJPGNvbnRyb2wgdmFsdWU9IlRhYmxlMiIvPgoJCQkJCTxkZWxldGUgdmFsdWU9IjAiLz4KCQkJCQk8ZmllbGQ+CgkJCQkJCTxvMD4KCQkJCQkJCTxDaGFuZ2VzIHZhbHVlPSIiLz4KCQkJCQkJCTxQcm9wZXJ0aWVzPgoJCQkJCQkJCTxBdXRvaW5jcmVtZW50IHZhbHVlPSIwIi8+CgkJCQkJCQkJPENoYXJzZXQgdmFsdWU9InV0ZjgiLz4KCQkJCQkJCQk8Q29sbGF0aW9uIHZhbHVlPSJ1dGY4X2dlbmVyYWxfY2kiLz4KCQkJCQkJCQk8Q29tbWVudCB2YWx1ZT0iIi8+CgkJCQkJCQkJPERlZmF1bHRfVmFsdWUgdmFsdWU9IiIvPgoJCQkJCQkJCTxFbGVtZW50cyB2YWx1ZT0iTUE9PSBNUT09Ii8+CgkJCQkJCQkJPEZpZWxkX1Bvc2l0aW9uIHZhbHVlPSIxMCIvPgoJCQkJCQkJCTxJbmRleGVkIHZhbHVlPSIwIi8+CgkJCQkJCQkJPExlbmd0aCB2YWx1ZT0iLTEiLz4KCQkJCQkJCQk8TmFtZSB2YWx1ZT0iY2FyY3Rfb3JnbGVwdGljYV9jX3RlbXBlcmF0dXJhIi8+CgkJCQkJCQkJPE51bGxhYmxlIHZhbHVlPSIwIi8+CgkJCQkJCQkJPE9uX1VwZGF0ZV9TZXRfQ3VycmVudCB2YWx1ZT0iMCIvPgoJCQkJCQkJCTxQcmVjaXNpb24gdmFsdWU9IjAiLz4KCQkJCQkJCQk8U2NhbGUgdmFsdWU9IjAiLz4KCQkJCQkJCQk8VHlwZSB2YWx1ZT0iRW51bSIvPgoJCQkJCQkJCTxVbmlxdWUgdmFsdWU9IjAiLz4KCQkJCQkJCQk8VW5zaWduZWQgdmFsdWU9IjAiLz4KCQkJCQkJCQk8WmVyb2ZpbGwgdmFsdWU9IjAiLz4KCQkJCQkJCTwvUHJvcGVydGllcz4KCQkJCQkJCTxjb250cm9sIHZhbHVlPSIiLz4KCQkJCQkJCTxkZWxldGUgdmFsdWU9IjAiLz4KCQkJCQkJCTxuYW1lIHZhbHVlPSJjYXJjdF9vcmdsZXB0aWNhX2NfdGVtcGVyYXR1cmEiLz4KCQkJCQkJPC9vMD4KCQkJCQkJPG8xPgoJCQkJCQkJPENoYW5nZXMgdmFsdWU9IiIvPgoJCQkJCQkJPFByb3BlcnRpZXM+CgkJCQkJCQkJPEF1dG9pbmNyZW1lbnQgdmFsdWU9IjAiLz4KCQkJCQkJCQk8Q2hhcnNldCB2YWx1ZT0idXRmOCIvPgoJCQkJCQkJCTxDb2xsYXRpb24gdmFsdWU9InV0ZjhfZ2VuZXJhbF9jaSIvPgoJCQkJCQkJCTxDb21tZW50IHZhbHVlPSIiLz4KCQkJCQkJCQk8RGVmYXVsdF9WYWx1ZSB2YWx1ZT0iIi8+CgkJCQkJCQkJPEVsZW1lbnRzIHZhbHVlPSJNQT09IE1RPT0iLz4KCQkJCQkJCQk8RmllbGRfUG9zaXRpb24gdmFsdWU9IjgiLz4KCQkJCQkJCQk8SW5kZXhlZCB2YWx1ZT0iMCIvPgoJCQkJCQkJCTxMZW5ndGggdmFsdWU9Ii0xIi8+CgkJCQkJCQkJPE5hbWUgdmFsdWU9ImNhcmN0X29yZ2xlcHRpY2FfY29sb3IiLz4KCQkJCQkJCQk8TnVsbGFibGUgdmFsdWU9IjAiLz4KCQkJCQkJCQk8T25fVXBkYXRlX1NldF9DdXJyZW50IHZhbHVlPSIwIi8+CgkJCQkJCQkJPFByZWNpc2lvbiB2YWx1ZT0iMCIvPgoJCQkJCQkJCTxTY2FsZSB2YWx1ZT0iMCIvPgoJCQkJCQkJCTxUeXBlIHZhbHVlPSJFbnVtIi8+CgkJCQkJCQkJPFVuaXF1ZSB2YWx1ZT0iMCIvPgoJCQkJCQkJCTxVbnNpZ25lZCB2YWx1ZT0iMCIvPgoJCQkJCQkJCTxaZXJvZmlsbCB2YWx1ZT0iMCIvPgoJCQkJCQkJPC9Qcm9wZXJ0aWVzPgoJCQkJCQkJPGNvbnRyb2wgdmFsdWU9IiIvPgoJCQkJCQkJPGRlbGV0ZSB2YWx1ZT0iMCIvPgoJCQkJCQkJPG5hbWUgdmFsdWU9ImNhcmN0X29yZ2xlcHRpY2FfY29sb3IiLz4KCQkJCQkJPC9vMT4KCQkJCQkJPG8xMD4KCQkJCQkJCTxDaGFuZ2VzIHZhbHVlPSIiLz4KCQkJCQkJCTxQcm9wZXJ0aWVzPgoJCQkJCQkJCTxBdXRvaW5jcmVtZW50IHZhbHVlPSIxIi8+CgkJCQkJCQkJPENoYXJzZXQgdmFsdWU9IiIvPgoJCQkJCQkJCTxDb2xsYXRpb24gdmFsdWU9IiIvPgoJCQkJCQkJCTxDb21tZW50IHZhbHVlPSIiLz4KCQkJCQkJCQk8RGVmYXVsdF9WYWx1ZSB2YWx1ZT0iIi8+CgkJCQkJCQkJPEZpZWxkX1Bvc2l0aW9uIHZhbHVlPSIxIi8+CgkJCQkJCQkJPEluZGV4ZWQgdmFsdWU9IjEiLz4KCQkJCQkJCQk8TGVuZ3RoIHZhbHVlPSIxMSIvPgoJCQkJCQkJCTxOYW1lIHZhbHVlPSJpZCIvPgoJCQkJCQkJCTxOdWxsYWJsZSB2YWx1ZT0iMCIvPgoJCQkJCQkJCTxPbl9VcGRhdGVfU2V0X0N1cnJlbnQgdmFsdWU9IjAiLz4KCQkJCQkJCQk8UHJlY2lzaW9uIHZhbHVlPSIxMCIvPgoJCQkJCQkJCTxTY2FsZSB2YWx1ZT0iMCIvPgoJCQkJCQkJCTxUeXBlIHZhbHVlPSJJbnQiLz4KCQkJCQkJCQk8VW5pcXVlIHZhbHVlPSIxIi8+CgkJCQkJCQkJPFVuc2lnbmVkIHZhbHVlPSIxIi8+CgkJCQkJCQkJPFplcm9maWxsIHZhbHVlPSIwIi8+CgkJCQkJCQk8L1Byb3BlcnRpZXM+CgkJCQkJCQk8Y29udHJvbCB2YWx1ZT0iIi8+CgkJCQkJCQk8ZGVsZXRlIHZhbHVlPSIwIi8+CgkJCQkJCQk8bmFtZSB2YWx1ZT0iaWQiLz4KCQkJCQkJPC9vMTA+CgkJCQkJCTxvMTE+CgkJCQkJCQk8Q2hhbmdlcyB2YWx1ZT0iIi8+CgkJCQkJCQk8UHJvcGVydGllcz4KCQkJCQkJCQk8QXV0b2luY3JlbWVudCB2YWx1ZT0iMCIvPgoJCQkJCQkJCTxDaGFyc2V0IHZhbHVlPSJ1dGY4Ii8+CgkJCQkJCQkJPENvbGxhdGlvbiB2YWx1ZT0idXRmOF9nZW5lcmFsX2NpIi8+CgkJCQkJCQkJPENvbW1lbnQgdmFsdWU9IiIvPgoJCQkJCQkJCTxEZWZhdWx0X1ZhbHVlIHZhbHVlPSIiLz4KCQkJCQkJCQk8RmllbGRfUG9zaXRpb24gdmFsdWU9IjMiLz4KCQkJCQkJCQk8SW5kZXhlZCB2YWx1ZT0iMCIvPgoJCQkJCQkJCTxMZW5ndGggdmFsdWU9IjEwMCIvPgoJCQkJCQkJCTxOYW1lIHZhbHVlPSJsb3RlX2ludGVybm8iLz4KCQkJCQkJCQk8TnVsbGFibGUgdmFsdWU9IjAiLz4KCQkJCQkJCQk8T25fVXBkYXRlX1NldF9DdXJyZW50IHZhbHVlPSIwIi8+CgkJCQkJCQkJPFByZWNpc2lvbiB2YWx1ZT0iMCIvPgoJCQkJCQkJCTxTY2FsZSB2YWx1ZT0iMCIvPgoJCQkJCQkJCTxUeXBlIHZhbHVlPSJWYXJDaGFyIi8+CgkJCQkJCQkJPFVuaXF1ZSB2YWx1ZT0iMCIvPgoJCQkJCQkJCTxVbnNpZ25lZCB2YWx1ZT0iMCIvPgoJCQkJCQkJCTxaZXJvZmlsbCB2YWx1ZT0iMCIvPgoJCQkJCQkJPC9Qcm9wZXJ0aWVzPgoJCQkJCQkJPGNvbnRyb2wgdmFsdWU9IiIvPgoJCQkJCQkJPGRlbGV0ZSB2YWx1ZT0iMCIvPgoJCQkJCQkJPG5hbWUgdmFsdWU9ImxvdGVfaW50ZXJubyIvPgoJCQkJCQk8L28xMT4KCQkJCQkJPG8xMj4KCQkJCQkJCTxDaGFuZ2VzIHZhbHVlPSIiLz4KCQkJCQkJCTxQcm9wZXJ0aWVzPgoJCQkJCQkJCTxBdXRvaW5jcmVtZW50IHZhbHVlPSIwIi8+CgkJCQkJCQkJPENoYXJzZXQgdmFsdWU9IiIvPgoJCQkJCQkJCTxDb2xsYXRpb24gdmFsdWU9IiIvPgoJCQkJCQkJCTxDb21tZW50IHZhbHVlPSIiLz4KCQkJCQkJCQk8RGVmYXVsdF9WYWx1ZSB2YWx1ZT0iIi8+CgkJCQkJCQkJPEZpZWxkX1Bvc2l0aW9uIHZhbHVlPSI1Ii8+CgkJCQkJCQkJPEluZGV4ZWQgdmFsdWU9IjEiLz4KCQkJCQkJCQk8TGVuZ3RoIHZhbHVlPSIxMSIvPgoJCQkJCQkJCTxOYW1lIHZhbHVlPSJtYXRlcmlhX3ByaW1hX2luc3VtbyIvPgoJCQkJCQkJCTxOdWxsYWJsZSB2YWx1ZT0iMCIvPgoJCQkJCQkJCTxPbl9VcGRhdGVfU2V0X0N1cnJlbnQgdmFsdWU9IjAiLz4KCQkJCQkJCQk8UHJlY2lzaW9uIHZhbHVlPSIxMCIvPgoJCQkJCQkJCTxTY2FsZSB2YWx1ZT0iMCIvPgoJCQkJCQkJCTxUeXBlIHZhbHVlPSJJbnQiLz4KCQkJCQkJCQk8VW5pcXVlIHZhbHVlPSIwIi8+CgkJCQkJCQkJPFVuc2lnbmVkIHZhbHVlPSIxIi8+CgkJCQkJCQkJPFplcm9maWxsIHZhbHVlPSIwIi8+CgkJCQkJCQk8L1Byb3BlcnRpZXM+CgkJCQkJCQk8Y29udHJvbCB2YWx1ZT0iIi8+CgkJCQkJCQk8ZGVsZXRlIHZhbHVlPSIwIi8+CgkJCQkJCQk8bmFtZSB2YWx1ZT0ibWF0ZXJpYV9wcmltYV9pbnN1bW8iLz4KCQkJCQkJPC9vMTI+CgkJCQkJCTxvMTM+CgkJCQkJCQk8Q2hhbmdlcyB2YWx1ZT0iIi8+CgkJCQkJCQk8UHJvcGVydGllcz4KCQkJCQkJCQk8QXV0b2luY3JlbWVudCB2YWx1ZT0iMCIvPgoJCQkJCQkJCTxDaGFyc2V0IHZhbHVlPSIiLz4KCQkJCQkJCQk8Q29sbGF0aW9uIHZhbHVlPSIiLz4KCQkJCQkJCQk8Q29tbWVudCB2YWx1ZT0iIi8+CgkJCQkJCQkJPERlZmF1bHRfVmFsdWUgdmFsdWU9IiIvPgoJCQkJCQkJCTxGaWVsZF9Qb3NpdGlvbiB2YWx1ZT0iNiIvPgoJCQkJCQkJCTxJbmRleGVkIHZhbHVlPSIwIi8+CgkJCQkJCQkJPExlbmd0aCB2YWx1ZT0iMCIvPgoJCQkJCQkJCTxOYW1lIHZhbHVlPSJwZXNvIi8+CgkJCQkJCQkJPE51bGxhYmxlIHZhbHVlPSIwIi8+CgkJCQkJCQkJPE9uX1VwZGF0ZV9TZXRfQ3VycmVudCB2YWx1ZT0iMCIvPgoJCQkJCQkJCTxQcmVjaXNpb24gdmFsdWU9IjQiLz4KCQkJCQkJCQk8U2NhbGUgdmFsdWU9IjEiLz4KCQkJCQkJCQk8VHlwZSB2YWx1ZT0iRGVjaW1hbCIvPgoJCQkJCQkJCTxVbmlxdWUgdmFsdWU9IjAiLz4KCQkJCQkJCQk8VW5zaWduZWQgdmFsdWU9IjEiLz4KCQkJCQkJCQk8WmVyb2ZpbGwgdmFsdWU9IjAiLz4KCQkJCQkJCTwvUHJvcGVydGllcz4KCQkJCQkJCTxjb250cm9sIHZhbHVlPSIiLz4KCQkJCQkJCTxkZWxldGUgdmFsdWU9IjAiLz4KCQkJCQkJCTxuYW1lIHZhbHVlPSJwZXNvIi8+CgkJCQkJCTwvbzEzPgoJCQkJCQk8bzE0PgoJCQkJCQkJPENoYW5nZXMgdmFsdWU9IiIvPgoJCQkJCQkJPFByb3BlcnRpZXM+CgkJCQkJCQkJPEF1dG9pbmNyZW1lbnQgdmFsdWU9IjAiLz4KCQkJCQkJCQk8Q2hhcnNldCB2YWx1ZT0iIi8+CgkJCQkJCQkJPENvbGxhdGlvbiB2YWx1ZT0iIi8+CgkJCQkJCQkJPENvbW1lbnQgdmFsdWU9IiIvPgoJCQkJCQkJCTxEZWZhdWx0X1ZhbHVlIHZhbHVlPSIiLz4KCQkJCQkJCQk8RmllbGRfUG9zaXRpb24gdmFsdWU9IjQiLz4KCQkJCQkJCQk8SW5kZXhlZCB2YWx1ZT0iMSIvPgoJCQkJCQkJCTxMZW5ndGggdmFsdWU9IjExIi8+CgkJCQkJCQkJPE5hbWUgdmFsdWU9InByb3ZlZWRvciIvPgoJCQkJCQkJCTxOdWxsYWJsZSB2YWx1ZT0iMCIvPgoJCQkJCQkJCTxPbl9VcGRhdGVfU2V0X0N1cnJlbnQgdmFsdWU9IjAiLz4KCQkJCQkJCQk8UHJlY2lzaW9uIHZhbHVlPSIxMCIvPgoJCQkJCQkJCTxTY2FsZSB2YWx1ZT0iMCIvPgoJCQkJCQkJCTxUeXBlIHZhbHVlPSJJbnQiLz4KCQkJCQkJCQk8VW5pcXVlIHZhbHVlPSIwIi8+CgkJCQkJCQkJPFVuc2lnbmVkIHZhbHVlPSIxIi8+CgkJCQkJCQkJPFplcm9maWxsIHZhbHVlPSIwIi8+CgkJCQkJCQk8L1Byb3BlcnRpZXM+CgkJCQkJCQk8Y29udHJvbCB2YWx1ZT0iIi8+CgkJCQkJCQk8ZGVsZXRlIHZhbHVlPSIwIi8+CgkJCQkJCQk8bmFtZSB2YWx1ZT0icHJvdmVlZG9yIi8+CgkJCQkJCTwvbzE0PgoJCQkJCQk8bzE1PgoJCQkJCQkJPENoYW5nZXMgdmFsdWU9IiIvPgoJCQkJCQkJPFByb3BlcnRpZXM+CgkJCQkJCQkJPEF1dG9pbmNyZW1lbnQgdmFsdWU9IjAiLz4KCQkJCQkJCQk8Q2hhcnNldCB2YWx1ZT0iIi8+CgkJCQkJCQkJPENvbGxhdGlvbiB2YWx1ZT0iIi8+CgkJCQkJCQkJPENvbW1lbnQgdmFsdWU9IiIvPgoJCQkJCQkJCTxEZWZhdWx0X1ZhbHVlIHZhbHVlPSIiLz4KCQkJCQkJCQk8RmllbGRfUG9zaXRpb24gdmFsdWU9IjE3Ii8+CgkJCQkJCQkJPEluZGV4ZWQgdmFsdWU9IjEiLz4KCQkJCQkJCQk8TGVuZ3RoIHZhbHVlPSIxMSIvPgoJCQkJCQkJCTxOYW1lIHZhbHVlPSJyZWNpYmlkbyIvPgoJCQkJCQkJCTxOdWxsYWJsZSB2YWx1ZT0iMCIvPgoJCQkJCQkJCTxPbl9VcGRhdGVfU2V0X0N1cnJlbnQgdmFsdWU9IjAiLz4KCQkJCQkJCQk8UHJlY2lzaW9uIHZhbHVlPSIxMCIvPgoJCQkJCQkJCTxTY2FsZSB2YWx1ZT0iMCIvPgoJCQkJCQkJCTxUeXBlIHZhbHVlPSJJbnQiLz4KCQkJCQkJCQk8VW5pcXVlIHZhbHVlPSIwIi8+CgkJCQkJCQkJPFVuc2lnbmVkIHZhbHVlPSIwIi8+CgkJCQkJCQkJPFplcm9maWxsIHZhbHVlPSIwIi8+CgkJCQkJCQk8L1Byb3BlcnRpZXM+CgkJCQkJCQk8Y29udHJvbCB2YWx1ZT0iIi8+CgkJCQkJCQk8ZGVsZXRlIHZhbHVlPSIwIi8+CgkJCQkJCQk8bmFtZSB2YWx1ZT0icmVjaWJpZG8iLz4KCQkJCQkJPC9vMTU+CgkJCQkJCTxvMTY+CgkJCQkJCQk8Q2hhbmdlcyB2YWx1ZT0iIi8+CgkJCQkJCQk8UHJvcGVydGllcz4KCQkJCQkJCQk8QXV0b2luY3JlbWVudCB2YWx1ZT0iMCIvPgoJCQkJCQkJCTxDaGFyc2V0IHZhbHVlPSIiLz4KCQkJCQkJCQk8Q29sbGF0aW9uIHZhbHVlPSIiLz4KCQkJCQkJCQk8Q29tbWVudCB2YWx1ZT0iIi8+CgkJCQkJCQkJPERlZmF1bHRfVmFsdWUgdmFsdWU9IiIvPgoJCQkJCQkJCTxGaWVsZF9Qb3NpdGlvbiB2YWx1ZT0iNyIvPgoJCQkJCQkJCTxJbmRleGVkIHZhbHVlPSIwIi8+CgkJCQkJCQkJPExlbmd0aCB2YWx1ZT0iMCIvPgoJCQkJCQkJCTxOYW1lIHZhbHVlPSJ0ZW1wZXJhdHVyYV9sbGVnYWRhIi8+CgkJCQkJCQkJPE51bGxhYmxlIHZhbHVlPSIwIi8+CgkJCQkJCQkJPE9uX1VwZGF0ZV9TZXRfQ3VycmVudCB2YWx1ZT0iMCIvPgoJCQkJCQkJCTxQcmVjaXNpb24gdmFsdWU9IjIiLz4KCQkJCQkJCQk8U2NhbGUgdmFsdWU9IjEiLz4KCQkJCQkJCQk8VHlwZSB2YWx1ZT0iRGVjaW1hbCIvPgoJCQkJCQkJCTxVbmlxdWUgdmFsdWU9IjAiLz4KCQkJCQkJCQk8VW5zaWduZWQgdmFsdWU9IjAiLz4KCQkJCQkJCQk8WmVyb2ZpbGwgdmFsdWU9IjAiLz4KCQkJCQkJCTwvUHJvcGVydGllcz4KCQkJCQkJCTxjb250cm9sIHZhbHVlPSIiLz4KCQkJCQkJCTxkZWxldGUgdmFsdWU9IjAiLz4KCQkJCQkJCTxuYW1lIHZhbHVlPSJ0ZW1wZXJhdHVyYV9sbGVnYWRhIi8+CgkJCQkJCTwvbzE2PgoJCQkJCQk8bzI+CgkJCQkJCQk8Q2hhbmdlcyB2YWx1ZT0iIi8+CgkJCQkJCQk8UHJvcGVydGllcz4KCQkJCQkJCQk8QXV0b2luY3JlbWVudCB2YWx1ZT0iMCIvPgoJCQkJCQkJCTxDaGFyc2V0IHZhbHVlPSJ1dGY4Ii8+CgkJCQkJCQkJPENvbGxhdGlvbiB2YWx1ZT0idXRmOF9nZW5lcmFsX2NpIi8+CgkJCQkJCQkJPENvbW1lbnQgdmFsdWU9IiIvPgoJCQkJCQkJCTxEZWZhdWx0X1ZhbHVlIHZhbHVlPSIiLz4KCQkJCQkJCQk8RWxlbWVudHMgdmFsdWU9Ik1BPT0gTVE9PSIvPgoJCQkJCQkJCTxGaWVsZF9Qb3NpdGlvbiB2YWx1ZT0iOSIvPgoJCQkJCQkJCTxJbmRleGVkIHZhbHVlPSIwIi8+CgkJCQkJCQkJPExlbmd0aCB2YWx1ZT0iLTEiLz4KCQkJCQkJCQk8TmFtZSB2YWx1ZT0iY2FyY3Rfb3JnbGVwdGljYV9vbG9yIi8+CgkJCQkJCQkJPE51bGxhYmxlIHZhbHVlPSIwIi8+CgkJCQkJCQkJPE9uX1VwZGF0ZV9TZXRfQ3VycmVudCB2YWx1ZT0iMCIvPgoJCQkJCQkJCTxQcmVjaXNpb24gdmFsdWU9IjAiLz4KCQkJCQkJCQk8U2NhbGUgdmFsdWU9IjAiLz4KCQkJCQkJCQk8VHlwZSB2YWx1ZT0iRW51bSIvPgoJCQkJCQkJCTxVbmlxdWUgdmFsdWU9IjAiLz4KCQkJCQkJCQk8VW5zaWduZWQgdmFsdWU9IjAiLz4KCQkJCQkJCQk8WmVyb2ZpbGwgdmFsdWU9IjAiLz4KCQkJCQkJCTwvUHJvcGVydGllcz4KCQkJCQkJCTxjb250cm9sIHZhbHVlPSIiLz4KCQkJCQkJCTxkZWxldGUgdmFsdWU9IjAiLz4KCQkJCQkJCTxuYW1lIHZhbHVlPSJjYXJjdF9vcmdsZXB0aWNhX29sb3IiLz4KCQkJCQkJPC9vMj4KCQkJCQkJPG8zPgoJCQkJCQkJPENoYW5nZXMgdmFsdWU9IiIvPgoJCQkJCQkJPFByb3BlcnRpZXM+CgkJCQkJCQkJPEF1dG9pbmNyZW1lbnQgdmFsdWU9IjAiLz4KCQkJCQkJCQk8Q2hhcnNldCB2YWx1ZT0idXRmOCIvPgoJCQkJCQkJCTxDb2xsYXRpb24gdmFsdWU9InV0ZjhfZ2VuZXJhbF9jaSIvPgoJCQkJCQkJCTxDb21tZW50IHZhbHVlPSIiLz4KCQkJCQkJCQk8RGVmYXVsdF9WYWx1ZSB2YWx1ZT0iIi8+CgkJCQkJCQkJPEVsZW1lbnRzIHZhbHVlPSJNQT09IE1RPT0iLz4KCQkJCQkJCQk8RmllbGRfUG9zaXRpb24gdmFsdWU9IjEzIi8+CgkJCQkJCQkJPEluZGV4ZWQgdmFsdWU9IjAiLz4KCQkJCQkJCQk8TGVuZ3RoIHZhbHVlPSItMSIvPgoJCQkJCQkJCTxOYW1lIHZhbHVlPSJjb25kdWN0b3JfZG90YWNpb24iLz4KCQkJCQkJCQk8TnVsbGFibGUgdmFsdWU9IjAiLz4KCQkJCQkJCQk8T25fVXBkYXRlX1NldF9DdXJyZW50IHZhbHVlPSIwIi8+CgkJCQkJCQkJPFByZWNpc2lvbiB2YWx1ZT0iMCIvPgoJCQkJCQkJCTxTY2FsZSB2YWx1ZT0iMCIvPgoJCQkJCQkJCTxUeXBlIHZhbHVlPSJFbnVtIi8+CgkJCQkJCQkJPFVuaXF1ZSB2YWx1ZT0iMCIvPgoJCQkJCQkJCTxVbnNpZ25lZCB2YWx1ZT0iMCIvPgoJCQkJCQkJCTxaZXJvZmlsbCB2YWx1ZT0iMCIvPgoJCQkJCQkJPC9Qcm9wZXJ0aWVzPgoJCQkJCQkJPGNvbnRyb2wgdmFsdWU9IiIvPgoJCQkJCQkJPGRlbGV0ZSB2YWx1ZT0iMCIvPgoJCQkJCQkJPG5hbWUgdmFsdWU9ImNvbmR1Y3Rvcl9kb3RhY2lvbiIvPgoJCQkJCQk8L28zPgoJCQkJCQk8bzQ+CgkJCQkJCQk8Q2hhbmdlcyB2YWx1ZT0iIi8+CgkJCQkJCQk8UHJvcGVydGllcz4KCQkJCQkJCQk8QXV0b2luY3JlbWVudCB2YWx1ZT0iMCIvPgoJCQkJCQkJCTxDaGFyc2V0IHZhbHVlPSJ1dGY4Ii8+CgkJCQkJCQkJPENvbGxhdGlvbiB2YWx1ZT0idXRmOF9nZW5lcmFsX2NpIi8+CgkJCQkJCQkJPENvbW1lbnQgdmFsdWU9IiIvPgoJCQkJCQkJCTxEZWZhdWx0X1ZhbHVlIHZhbHVlPSIiLz4KCQkJCQkJCQk8RWxlbWVudHMgdmFsdWU9Ik1BPT0gTVE9PSIvPgoJCQkJCQkJCTxGaWVsZF9Qb3NpdGlvbiB2YWx1ZT0iMTQiLz4KCQkJCQkJCQk8SW5kZXhlZCB2YWx1ZT0iMCIvPgoJCQkJCQkJCTxMZW5ndGggdmFsdWU9Ii0xIi8+CgkJCQkJCQkJPE5hbWUgdmFsdWU9ImNvbmR1Y3Rvcl9oaWdpZW5lIi8+CgkJCQkJCQkJPE51bGxhYmxlIHZhbHVlPSIwIi8+CgkJCQkJCQkJPE9uX1VwZGF0ZV9TZXRfQ3VycmVudCB2YWx1ZT0iMCIvPgoJCQkJCQkJCTxQcmVjaXNpb24gdmFsdWU9IjAiLz4KCQkJCQkJCQk8U2NhbGUgdmFsdWU9IjAiLz4KCQkJCQkJCQk8VHlwZSB2YWx1ZT0iRW51bSIvPgoJCQkJCQkJCTxVbmlxdWUgdmFsdWU9IjAiLz4KCQkJCQkJCQk8VW5zaWduZWQgdmFsdWU9IjAiLz4KCQkJCQkJCQk8WmVyb2ZpbGwgdmFsdWU9IjAiLz4KCQkJCQkJCTwvUHJvcGVydGllcz4KCQkJCQkJCTxjb250cm9sIHZhbHVlPSIiLz4KCQkJCQkJCTxkZWxldGUgdmFsdWU9IjAiLz4KCQkJCQkJCTxuYW1lIHZhbHVlPSJjb25kdWN0b3JfaGlnaWVuZSIvPgoJCQkJCQk8L280PgoJCQkJCQk8bzU+CgkJCQkJCQk8Q2hhbmdlcyB2YWx1ZT0iIi8+CgkJCQkJCQk8UHJvcGVydGllcz4KCQkJCQkJCQk8QXV0b2luY3JlbWVudCB2YWx1ZT0iMCIvPgoJCQkJCQkJCTxDaGFyc2V0IHZhbHVlPSJ1dGY4Ii8+CgkJCQkJCQkJPENvbGxhdGlvbiB2YWx1ZT0idXRmOF9nZW5lcmFsX2NpIi8+CgkJCQkJCQkJPENvbW1lbnQgdmFsdWU9IiIvPgoJCQkJCQkJCTxEZWZhdWx0X1ZhbHVlIHZhbHVlPSIiLz4KCQkJCQkJCQk8RWxlbWVudHMgdmFsdWU9Ik1BPT0gTVE9PSIvPgoJCQkJCQkJCTxGaWVsZF9Qb3NpdGlvbiB2YWx1ZT0iMTYiLz4KCQkJCQkJCQk8SW5kZXhlZCB2YWx1ZT0iMCIvPgoJCQkJCQkJCTxMZW5ndGggdmFsdWU9Ii0xIi8+CgkJCQkJCQkJPE5hbWUgdmFsdWU9ImRldm9sdWNpb25fcGVzbyIvPgoJCQkJCQkJCTxOdWxsYWJsZSB2YWx1ZT0iMCIvPgoJCQkJCQkJCTxPbl9VcGRhdGVfU2V0X0N1cnJlbnQgdmFsdWU9IjAiLz4KCQkJCQkJCQk8UHJlY2lzaW9uIHZhbHVlPSIwIi8+CgkJCQkJCQkJPFNjYWxlIHZhbHVlPSIwIi8+CgkJCQkJCQkJPFR5cGUgdmFsdWU9IkVudW0iLz4KCQkJCQkJCQk8VW5pcXVlIHZhbHVlPSIwIi8+CgkJCQkJCQkJPFVuc2lnbmVkIHZhbHVlPSIwIi8+CgkJCQkJCQkJPFplcm9maWxsIHZhbHVlPSIwIi8+CgkJCQkJCQk8L1Byb3BlcnRpZXM+CgkJCQkJCQk8Y29udHJvbCB2YWx1ZT0iIi8+CgkJCQkJCQk8ZGVsZXRlIHZhbHVlPSIwIi8+CgkJCQkJCQk8bmFtZSB2YWx1ZT0iZGV2b2x1Y2lvbl9wZXNvIi8+CgkJCQkJCTwvbzU+CgkJCQkJCTxvNj4KCQkJCQkJCTxDaGFuZ2VzIHZhbHVlPSIiLz4KCQkJCQkJCTxQcm9wZXJ0aWVzPgoJCQkJCQkJCTxBdXRvaW5jcmVtZW50IHZhbHVlPSIwIi8+CgkJCQkJCQkJPENoYXJzZXQgdmFsdWU9InV0ZjgiLz4KCQkJCQkJCQk8Q29sbGF0aW9uIHZhbHVlPSJ1dGY4X2dlbmVyYWxfY2kiLz4KCQkJCQkJCQk8Q29tbWVudCB2YWx1ZT0iIi8+CgkJCQkJCQkJPERlZmF1bHRfVmFsdWUgdmFsdWU9IiIvPgoJCQkJCQkJCTxFbGVtZW50cyB2YWx1ZT0iTUE9PSBNUT09Ii8+CgkJCQkJCQkJPEZpZWxkX1Bvc2l0aW9uIHZhbHVlPSIxNSIvPgoJCQkJCQkJCTxJbmRleGVkIHZhbHVlPSIwIi8+CgkJCQkJCQkJPExlbmd0aCB2YWx1ZT0iLTEiLz4KCQkJCQkJCQk8TmFtZSB2YWx1ZT0iZGV2b2x1Y2lvbl9zaV9ubyIvPgoJCQkJCQkJCTxOdWxsYWJsZSB2YWx1ZT0iMCIvPgoJCQkJCQkJCTxPbl9VcGRhdGVfU2V0X0N1cnJlbnQgdmFsdWU9IjAiLz4KCQkJCQkJCQk8UHJlY2lzaW9uIHZhbHVlPSIwIi8+CgkJCQkJCQkJPFNjYWxlIHZhbHVlPSIwIi8+CgkJCQkJCQkJPFR5cGUgdmFsdWU9IkVudW0iLz4KCQkJCQkJCQk8VW5pcXVlIHZhbHVlPSIwIi8+CgkJCQkJCQkJPFVuc2lnbmVkIHZhbHVlPSIwIi8+CgkJCQkJCQkJPFplcm9maWxsIHZhbHVlPSIwIi8+CgkJCQkJCQk8L1Byb3BlcnRpZXM+CgkJCQkJCQk8Y29udHJvbCB2YWx1ZT0iIi8+CgkJCQkJCQk8ZGVsZXRlIHZhbHVlPSIwIi8+CgkJCQkJCQk8bmFtZSB2YWx1ZT0iZGV2b2x1Y2lvbl9zaV9ubyIvPgoJCQkJCQk8L282PgoJCQkJCQk8bzc+CgkJCQkJCQk8Q2hhbmdlcyB2YWx1ZT0iIi8+CgkJCQkJCQk8UHJvcGVydGllcz4KCQkJCQkJCQk8QXV0b2luY3JlbWVudCB2YWx1ZT0iMCIvPgoJCQkJCQkJCTxDaGFyc2V0IHZhbHVlPSIiLz4KCQkJCQkJCQk8Q29sbGF0aW9uIHZhbHVlPSIiLz4KCQkJCQkJCQk8Q29tbWVudCB2YWx1ZT0iIi8+CgkJCQkJCQkJPERlZmF1bHRfVmFsdWUgdmFsdWU9IiIvPgoJCQkJCQkJCTxGaWVsZF9Qb3NpdGlvbiB2YWx1ZT0iMiIvPgoJCQkJCQkJCTxJbmRleGVkIHZhbHVlPSIwIi8+CgkJCQkJCQkJPExlbmd0aCB2YWx1ZT0iLTEiLz4KCQkJCQkJCQk8TmFtZSB2YWx1ZT0iZmVjX2luZ3Jlc28iLz4KCQkJCQkJCQk8TnVsbGFibGUgdmFsdWU9IjAiLz4KCQkJCQkJCQk8T25fVXBkYXRlX1NldF9DdXJyZW50IHZhbHVlPSIwIi8+CgkJCQkJCQkJPFByZWNpc2lvbiB2YWx1ZT0iMCIvPgoJCQkJCQkJCTxTY2FsZSB2YWx1ZT0iMCIvPgoJCQkJCQkJCTxUeXBlIHZhbHVlPSJEYXRlIi8+CgkJCQkJCQkJPFVuaXF1ZSB2YWx1ZT0iMCIvPgoJCQkJCQkJCTxVbnNpZ25lZCB2YWx1ZT0iMCIvPgoJCQkJCQkJCTxaZXJvZmlsbCB2YWx1ZT0iMCIvPgoJCQkJCQkJPC9Qcm9wZXJ0aWVzPgoJCQkJCQkJPGNvbnRyb2wgdmFsdWU9IiIvPgoJCQkJCQkJPGRlbGV0ZSB2YWx1ZT0iMCIvPgoJCQkJCQkJPG5hbWUgdmFsdWU9ImZlY19pbmdyZXNvIi8+CgkJCQkJCTwvbzc+CgkJCQkJCTxvOD4KCQkJCQkJCTxDaGFuZ2VzIHZhbHVlPSIiLz4KCQkJCQkJCTxQcm9wZXJ0aWVzPgoJCQkJCQkJCTxBdXRvaW5jcmVtZW50IHZhbHVlPSIwIi8+CgkJCQkJCQkJPENoYXJzZXQgdmFsdWU9InV0ZjgiLz4KCQkJCQkJCQk8Q29sbGF0aW9uIHZhbHVlPSJ1dGY4X2dlbmVyYWxfY2kiLz4KCQkJCQkJCQk8Q29tbWVudCB2YWx1ZT0iIi8+CgkJCQkJCQkJPERlZmF1bHRfVmFsdWUgdmFsdWU9IiIvPgoJCQkJCQkJCTxFbGVtZW50cyB2YWx1ZT0iTUE9PSBNUT09Ii8+CgkJCQkJCQkJPEZpZWxkX1Bvc2l0aW9uIHZhbHVlPSIxMiIvPgoJCQkJCQkJCTxJbmRleGVkIHZhbHVlPSIwIi8+CgkJCQkJCQkJPExlbmd0aCB2YWx1ZT0iLTEiLz4KCQkJCQkJCQk8TmFtZSB2YWx1ZT0iaGdpZW5lX2NhbmFzdGFzIi8+CgkJCQkJCQkJPE51bGxhYmxlIHZhbHVlPSIwIi8+CgkJCQkJCQkJPE9uX1VwZGF0ZV9TZXRfQ3VycmVudCB2YWx1ZT0iMCIvPgoJCQkJCQkJCTxQcmVjaXNpb24gdmFsdWU9IjAiLz4KCQkJCQkJCQk8U2NhbGUgdmFsdWU9IjAiLz4KCQkJCQkJCQk8VHlwZSB2YWx1ZT0iRW51bSIvPgoJCQkJCQkJCTxVbmlxdWUgdmFsdWU9IjAiLz4KCQkJCQkJCQk8VW5zaWduZWQgdmFsdWU9IjAiLz4KCQkJCQkJCQk8WmVyb2ZpbGwgdmFsdWU9IjAiLz4KCQkJCQkJCTwvUHJvcGVydGllcz4KCQkJCQkJCTxjb250cm9sIHZhbHVlPSIiLz4KCQkJCQkJCTxkZWxldGUgdmFsdWU9IjAiLz4KCQkJCQkJCTxuYW1lIHZhbHVlPSJoZ2llbmVfY2FuYXN0YXMiLz4KCQkJCQkJPC9vOD4KCQkJCQkJPG85PgoJCQkJCQkJPENoYW5nZXMgdmFsdWU9IiIvPgoJCQkJCQkJPFByb3BlcnRpZXM+CgkJCQkJCQkJPEF1dG9pbmNyZW1lbnQgdmFsdWU9IjAiLz4KCQkJCQkJCQk8Q2hhcnNldCB2YWx1ZT0idXRmOCIvPgoJCQkJCQkJCTxDb2xsYXRpb24gdmFsdWU9InV0ZjhfZ2VuZXJhbF9jaSIvPgoJCQkJCQkJCTxDb21tZW50IHZhbHVlPSIiLz4KCQkJCQkJCQk8RGVmYXVsdF9WYWx1ZSB2YWx1ZT0iIi8+CgkJCQkJCQkJPEVsZW1lbnRzIHZhbHVlPSJNQT09IE1RPT0iLz4KCQkJCQkJCQk8RmllbGRfUG9zaXRpb24gdmFsdWU9IjExIi8+CgkJCQkJCQkJPEluZGV4ZWQgdmFsdWU9IjAiLz4KCQkJCQkJCQk8TGVuZ3RoIHZhbHVlPSItMSIvPgoJCQkJCQkJCTxOYW1lIHZhbHVlPSJoZ2llbmVfdmVoaWN1bG8iLz4KCQkJCQkJCQk8TnVsbGFibGUgdmFsdWU9IjAiLz4KCQkJCQkJCQk8T25fVXBkYXRlX1NldF9DdXJyZW50IHZhbHVlPSIwIi8+CgkJCQkJCQkJPFByZWNpc2lvbiB2YWx1ZT0iMCIvPgoJCQkJCQkJCTxTY2FsZSB2YWx1ZT0iMCIvPgoJCQkJCQkJCTxUeXBlIHZhbHVlPSJFbnVtIi8+CgkJCQkJCQkJPFVuaXF1ZSB2YWx1ZT0iMCIvPgoJCQkJCQkJCTxVbnNpZ25lZCB2YWx1ZT0iMCIvPgoJCQkJCQkJCTxaZXJvZmlsbCB2YWx1ZT0iMCIvPgoJCQkJCQkJPC9Qcm9wZXJ0aWVzPgoJCQkJCQkJPGNvbnRyb2wgdmFsdWU9IiIvPgoJCQkJCQkJPGRlbGV0ZSB2YWx1ZT0iMCIvPgoJCQkJCQkJPG5hbWUgdmFsdWU9ImhnaWVuZV92ZWhpY3VsbyIvPgoJCQkJCQk8L285PgoJCQkJCTwvZmllbGQ+CgkJCQkJPGluZGV4PgoJCQkJCQk8bzA+CgkJCQkJCQk8Q2hhbmdlcyB2YWx1ZT0iIi8+CgkJCQkJCQk8UHJvcGVydGllcz4KCQkJCQkJCQk8Q29tbWVudCB2YWx1ZT0iIi8+CgkJCQkJCQkJPEZpZWxkcyB2YWx1ZT0iYldGMFpYSnBZVjl3Y21sdFlWOXBibk4xYlc4PSIvPgoJCQkJCQkJCTxOYW1lIHZhbHVlPSJsbmtfcmVjZXBjaW9uX21hdGVyaWFfcHJpbWFfY2FybmljYV9pbnN1bW8iLz4KCQkJCQkJCQk8VHlwZSB2YWx1ZT0iQlRSRUUiLz4KCQkJCQkJCQk8VW5pcXVlIHZhbHVlPSIwIi8+CgkJCQkJCQk8L1Byb3BlcnRpZXM+CgkJCQkJCQk8Y29udHJvbCB2YWx1ZT0iIi8+CgkJCQkJCQk8ZGVsZXRlIHZhbHVlPSIwIi8+CgkJCQkJCQk8bmFtZSB2YWx1ZT0ibG5rX3JlY2VwY2lvbl9tYXRlcmlhX3ByaW1hX2Nhcm5pY2FfaW5zdW1vIi8+CgkJCQkJCTwvbzA+CgkJCQkJCTxvMT4KCQkJCQkJCTxDaGFuZ2VzIHZhbHVlPSIiLz4KCQkJCQkJCTxQcm9wZXJ0aWVzPgoJCQkJCQkJCTxDb21tZW50IHZhbHVlPSIiLz4KCQkJCQkJCQk8RmllbGRzIHZhbHVlPSJjSEp2ZG1WbFpHOXkiLz4KCQkJCQkJCQk8TmFtZSB2YWx1ZT0ibG5rX3JlY2VwY2lvbl9tYXRlcmlhX3ByaW1hX2Nhcm5pY2FfcHJvdmVlZG9yIi8+CgkJCQkJCQkJPFR5cGUgdmFsdWU9IkJUUkVFIi8+CgkJCQkJCQkJPFVuaXF1ZSB2YWx1ZT0iMCIvPgoJCQkJCQkJPC9Qcm9wZXJ0aWVzPgoJCQkJCQkJPGNvbnRyb2wgdmFsdWU9IiIvPgoJCQkJCQkJPGRlbGV0ZSB2YWx1ZT0iMCIvPgoJCQkJCQkJPG5hbWUgdmFsdWU9Imxua19yZWNlcGNpb25fbWF0ZXJpYV9wcmltYV9jYXJuaWNhX3Byb3ZlZWRvciIvPgoJCQkJCQk8L28xPgoJCQkJCQk8bzI+CgkJCQkJCQk8Q2hhbmdlcyB2YWx1ZT0iIi8+CgkJCQkJCQk8UHJvcGVydGllcz4KCQkJCQkJCQk8Q29tbWVudCB2YWx1ZT0iIi8+CgkJCQkJCQkJPEZpZWxkcyB2YWx1ZT0iY21WamFXSnBaRzg9Ii8+CgkJCQkJCQkJPE5hbWUgdmFsdWU9Imxua19yZWNlcGNpb25fbWF0ZXJpYV9wcmltYV9jYXJuaWNhX1VzZXIiLz4KCQkJCQkJCQk8VHlwZSB2YWx1ZT0iQlRSRUUiLz4KCQkJCQkJCQk8VW5pcXVlIHZhbHVlPSIwIi8+CgkJCQkJCQk8L1Byb3BlcnRpZXM+CgkJCQkJCQk8Y29udHJvbCB2YWx1ZT0iIi8+CgkJCQkJCQk8ZGVsZXRlIHZhbHVlPSIwIi8+CgkJCQkJCQk8bmFtZSB2YWx1ZT0ibG5rX3JlY2VwY2lvbl9tYXRlcmlhX3ByaW1hX2Nhcm5pY2FfVXNlciIvPgoJCQkJCQk8L28yPgoJCQkJCQk8bzM+CgkJCQkJCQk8Q2hhbmdlcyB2YWx1ZT0iIi8+CgkJCQkJCQk8UHJvcGVydGllcz4KCQkJCQkJCQk8Q29tbWVudCB2YWx1ZT0iIi8+CgkJCQkJCQkJPEZpZWxkcyB2YWx1ZT0iYVdRPSIvPgoJCQkJCQkJCTxOYW1lIHZhbHVlPSJQUklNQVJZIi8+CgkJCQkJCQkJPFR5cGUgdmFsdWU9IkJUUkVFIi8+CgkJCQkJCQkJPFVuaXF1ZSB2YWx1ZT0iMSIvPgoJCQkJCQkJPC9Qcm9wZXJ0aWVzPgoJCQkJCQkJPGNvbnRyb2wgdmFsdWU9IiIvPgoJCQkJCQkJPGRlbGV0ZSB2YWx1ZT0iMCIvPgoJCQkJCQkJPG5hbWUgdmFsdWU9IlBSSU1BUlkiLz4KCQkJCQkJPC9vMz4KCQkJCQk8L2luZGV4PgoJCQkJCTxuYW1lIHZhbHVlPSJyZWNlcGNpb25fbWF0ZXJpYV9wcmltYV9jYXJuaWNhIi8+CgkJCQkJPHVuaXF1ZT4KCQkJCQkJPG8wPgoJCQkJCQkJPENoYW5nZXMgdmFsdWU9IiIvPgoJCQkJCQkJPFByb3BlcnRpZXM+CgkJCQkJCQkJPEZpZWxkcyB2YWx1ZT0iYVdRPSIvPgoJCQkJCQkJCTxOYW1lIHZhbHVlPSJQUklNQVJZIi8+CgkJCQkJCQk8L1Byb3BlcnRpZXM+CgkJCQkJCQk8Y29udHJvbCB2YWx1ZT0iIi8+CgkJCQkJCQk8ZGVsZXRlIHZhbHVlPSIwIi8+CgkJCQkJCQk8bmFtZSB2YWx1ZT0iUFJJTUFSWSIvPgoJCQkJCQk8L28wPgoJCQkJCTwvdW5pcXVlPgoJCQkJPC9vMT4KCQkJCTxvMj4KCQkJCQk8Q2hhbmdlcyB2YWx1ZT0iIi8+CgkJCQkJPFByb3BlcnRpZXM+CgkJCQkJCTxBdXRvaW5jcmVtZW50IHZhbHVlPSIxIi8+CgkJCQkJCTxBdmVyYWdlX1Jvd19TaXplIHZhbHVlPSIwIi8+CgkJCQkJCTxDaGFyc2V0IHZhbHVlPSJ1dGY4Ii8+CgkJCQkJCTxDb2xsYXRpb24gdmFsdWU9InV0ZjhfZ2VuZXJhbF9jaSIvPgoJCQkJCQk8Q29tbWVudCB2YWx1ZT0iIi8+CgkJCQkJCTxDcmVhdGVfVGltZSB2YWx1ZT0iMjAxNS0wNC0yNyAyMDozOTozMyIvPgoJCQkJCQk8RW5naW5lIHZhbHVlPSJJbm5vREIiLz4KCQkJCQkJPEZpZWxkX0NvdW50IHZhbHVlPSIxNCIvPgoJCQkJCQk8SW5kZXhfQ291bnQgdmFsdWU9IjQiLz4KCQkJCQkJPE5hbWUgdmFsdWU9InJlY2VwY2lvbl9tYXRlcmlhX3ByaW1hX25vX2Nhcm5pY2EiLz4KCQkJCQkJPFByaW1hcnlfS2V5IHZhbHVlPSJhV1E9Ii8+CgkJCQkJCTxTaXplIHZhbHVlPSI2NC4wMCBLYiIvPgoJCQkJCQk8VHJpZ2dlcl9Db3VudCB2YWx1ZT0iMCIvPgoJCQkJCQk8VW5pcXVlX0NvdW50IHZhbHVlPSIxIi8+CgkJCQkJCTxVcGRhdGVfVGltZSB2YWx1ZT0iIi8+CgkJCQkJPC9Qcm9wZXJ0aWVzPgoJCQkJCTxjb250cm9sIHZhbHVlPSJUYWJsZSIvPgoJCQkJCTxkZWxldGUgdmFsdWU9IjAiLz4KCQkJCQk8ZmllbGQ+CgkJCQkJCTxvMD4KCQkJCQkJCTxDaGFuZ2VzIHZhbHVlPSIiLz4KCQkJCQkJCTxQcm9wZXJ0aWVzPgoJCQkJCQkJCTxBdXRvaW5jcmVtZW50IHZhbHVlPSIwIi8+CgkJCQkJCQkJPENoYXJzZXQgdmFsdWU9InV0ZjgiLz4KCQkJCQkJCQk8Q29sbGF0aW9uIHZhbHVlPSJ1dGY4X2dlbmVyYWxfY2kiLz4KCQkJCQkJCQk8Q29tbWVudCB2YWx1ZT0iIi8+CgkJCQkJCQkJPERlZmF1bHRfVmFsdWUgdmFsdWU9IiIvPgoJCQkJCQkJCTxFbGVtZW50cyB2YWx1ZT0iTUE9PSBNUT09Ii8+CgkJCQkJCQkJPEZpZWxkX1Bvc2l0aW9uIHZhbHVlPSIxMCIvPgoJCQkJCQkJCTxJbmRleGVkIHZhbHVlPSIwIi8+CgkJCQkJCQkJPExlbmd0aCB2YWx1ZT0iLTEiLz4KCQkJCQkJCQk8TmFtZSB2YWx1ZT0iY2FyYWN0X2Zpc2ljYXNfZW1wYXF1ZSIvPgoJCQkJCQkJCTxOdWxsYWJsZSB2YWx1ZT0iMCIvPgoJCQkJCQkJCTxPbl9VcGRhdGVfU2V0X0N1cnJlbnQgdmFsdWU9IjAiLz4KCQkJCQkJCQk8UHJlY2lzaW9uIHZhbHVlPSIwIi8+CgkJCQkJCQkJPFNjYWxlIHZhbHVlPSIwIi8+CgkJCQkJCQkJPFR5cGUgdmFsdWU9IkVudW0iLz4KCQkJCQkJCQk8VW5pcXVlIHZhbHVlPSIwIi8+CgkJCQkJCQkJPFVuc2lnbmVkIHZhbHVlPSIwIi8+CgkJCQkJCQkJPFplcm9maWxsIHZhbHVlPSIwIi8+CgkJCQkJCQk8L1Byb3BlcnRpZXM+CgkJCQkJCQk8Y29udHJvbCB2YWx1ZT0iIi8+CgkJCQkJCQk8ZGVsZXRlIHZhbHVlPSIwIi8+CgkJCQkJCQk8bmFtZSB2YWx1ZT0iY2FyYWN0X2Zpc2ljYXNfZW1wYXF1ZSIvPgoJCQkJCQk8L28wPgoJCQkJCQk8bzE+CgkJCQkJCQk8Q2hhbmdlcyB2YWx1ZT0iIi8+CgkJCQkJCQk8UHJvcGVydGllcz4KCQkJCQkJCQk8QXV0b2luY3JlbWVudCB2YWx1ZT0iMCIvPgoJCQkJCQkJCTxDaGFyc2V0IHZhbHVlPSJ1dGY4Ii8+CgkJCQkJCQkJPENvbGxhdGlvbiB2YWx1ZT0idXRmOF9nZW5lcmFsX2NpIi8+CgkJCQkJCQkJPENvbW1lbnQgdmFsdWU9IiIvPgoJCQkJCQkJCTxEZWZhdWx0X1ZhbHVlIHZhbHVlPSIiLz4KCQkJCQkJCQk8RWxlbWVudHMgdmFsdWU9Ik1BPT0gTVE9PSIvPgoJCQkJCQkJCTxGaWVsZF9Qb3NpdGlvbiB2YWx1ZT0iMTEiLz4KCQkJCQkJCQk8SW5kZXhlZCB2YWx1ZT0iMCIvPgoJCQkJCQkJCTxMZW5ndGggdmFsdWU9Ii0xIi8+CgkJCQkJCQkJPE5hbWUgdmFsdWU9ImNhcmFjdF9maXNpY2FzX3JvdHVsYWRvIi8+CgkJCQkJCQkJPE51bGxhYmxlIHZhbHVlPSIwIi8+CgkJCQkJCQkJPE9uX1VwZGF0ZV9TZXRfQ3VycmVudCB2YWx1ZT0iMCIvPgoJCQkJCQkJCTxQcmVjaXNpb24gdmFsdWU9IjAiLz4KCQkJCQkJCQk8U2NhbGUgdmFsdWU9IjAiLz4KCQkJCQkJCQk8VHlwZSB2YWx1ZT0iRW51bSIvPgoJCQkJCQkJCTxVbmlxdWUgdmFsdWU9IjAiLz4KCQkJCQkJCQk8VW5zaWduZWQgdmFsdWU9IjAiLz4KCQkJCQkJCQk8WmVyb2ZpbGwgdmFsdWU9IjAiLz4KCQkJCQkJCTwvUHJvcGVydGllcz4KCQkJCQkJCTxjb250cm9sIHZhbHVlPSIiLz4KCQkJCQkJCTxkZWxldGUgdmFsdWU9IjAiLz4KCQkJCQkJCTxuYW1lIHZhbHVlPSJjYXJhY3RfZmlzaWNhc19yb3R1bGFkbyIvPgoJCQkJCQk8L28xPgoJCQkJCQk8bzEwPgoJCQkJCQkJPENoYW5nZXMgdmFsdWU9IiIvPgoJCQkJCQkJPFByb3BlcnRpZXM+CgkJCQkJCQkJPEF1dG9pbmNyZW1lbnQgdmFsdWU9IjAiLz4KCQkJCQkJCQk8Q2hhcnNldCB2YWx1ZT0iIi8+CgkJCQkJCQkJPENvbGxhdGlvbiB2YWx1ZT0iIi8+CgkJCQkJCQkJPENvbW1lbnQgdmFsdWU9IiIvPgoJCQkJCQkJCTxEZWZhdWx0X1ZhbHVlIHZhbHVlPSIiLz4KCQkJCQkJCQk8RmllbGRfUG9zaXRpb24gdmFsdWU9IjciLz4KCQkJCQkJCQk8SW5kZXhlZCB2YWx1ZT0iMCIvPgoJCQkJCQkJCTxMZW5ndGggdmFsdWU9IjExIi8+CgkJCQkJCQkJPE5hbWUgdmFsdWU9InBlc29fdG90YWwiLz4KCQkJCQkJCQk8TnVsbGFibGUgdmFsdWU9IjAiLz4KCQkJCQkJCQk8T25fVXBkYXRlX1NldF9DdXJyZW50IHZhbHVlPSIwIi8+CgkJCQkJCQkJPFByZWNpc2lvbiB2YWx1ZT0iMTAiLz4KCQkJCQkJCQk8U2NhbGUgdmFsdWU9IjAiLz4KCQkJCQkJCQk8VHlwZSB2YWx1ZT0iSW50Ii8+CgkJCQkJCQkJPFVuaXF1ZSB2YWx1ZT0iMCIvPgoJCQkJCQkJCTxVbnNpZ25lZCB2YWx1ZT0iMSIvPgoJCQkJCQkJCTxaZXJvZmlsbCB2YWx1ZT0iMCIvPgoJCQkJCQkJPC9Qcm9wZXJ0aWVzPgoJCQkJCQkJPGNvbnRyb2wgdmFsdWU9IiIvPgoJCQkJCQkJPGRlbGV0ZSB2YWx1ZT0iMCIvPgoJCQkJCQkJPG5hbWUgdmFsdWU9InBlc29fdG90YWwiLz4KCQkJCQkJPC9vMTA+CgkJCQkJCTxvMTE+CgkJCQkJCQk8Q2hhbmdlcyB2YWx1ZT0iIi8+CgkJCQkJCQk8UHJvcGVydGllcz4KCQkJCQkJCQk8QXV0b2luY3JlbWVudCB2YWx1ZT0iMCIvPgoJCQkJCQkJCTxDaGFyc2V0IHZhbHVlPSIiLz4KCQkJCQkJCQk8Q29sbGF0aW9uIHZhbHVlPSIiLz4KCQkJCQkJCQk8Q29tbWVudCB2YWx1ZT0iIi8+CgkJCQkJCQkJPERlZmF1bHRfVmFsdWUgdmFsdWU9IiIvPgoJCQkJCQkJCTxGaWVsZF9Qb3NpdGlvbiB2YWx1ZT0iNSIvPgoJCQkJCQkJCTxJbmRleGVkIHZhbHVlPSIxIi8+CgkJCQkJCQkJPExlbmd0aCB2YWx1ZT0iMTEiLz4KCQkJCQkJCQk8TmFtZSB2YWx1ZT0icHJvdmVlZG9yX2lkIi8+CgkJCQkJCQkJPE51bGxhYmxlIHZhbHVlPSIwIi8+CgkJCQkJCQkJPE9uX1VwZGF0ZV9TZXRfQ3VycmVudCB2YWx1ZT0iMCIvPgoJCQkJCQkJCTxQcmVjaXNpb24gdmFsdWU9IjEwIi8+CgkJCQkJCQkJPFNjYWxlIHZhbHVlPSIwIi8+CgkJCQkJCQkJPFR5cGUgdmFsdWU9IkludCIvPgoJCQkJCQkJCTxVbmlxdWUgdmFsdWU9IjAiLz4KCQkJCQkJCQk8VW5zaWduZWQgdmFsdWU9IjEiLz4KCQkJCQkJCQk8WmVyb2ZpbGwgdmFsdWU9IjAiLz4KCQkJCQkJCTwvUHJvcGVydGllcz4KCQkJCQkJCTxjb250cm9sIHZhbHVlPSIiLz4KCQkJCQkJCTxkZWxldGUgdmFsdWU9IjAiLz4KCQkJCQkJCTxuYW1lIHZhbHVlPSJwcm92ZWVkb3JfaWQiLz4KCQkJCQkJPC9vMTE+CgkJCQkJCTxvMTI+CgkJCQkJCQk8Q2hhbmdlcyB2YWx1ZT0iIi8+CgkJCQkJCQk8UHJvcGVydGllcz4KCQkJCQkJCQk8QXV0b2luY3JlbWVudCB2YWx1ZT0iMCIvPgoJCQkJCQkJCTxDaGFyc2V0IHZhbHVlPSIiLz4KCQkJCQkJCQk8Q29sbGF0aW9uIHZhbHVlPSIiLz4KCQkJCQkJCQk8Q29tbWVudCB2YWx1ZT0iIi8+CgkJCQkJCQkJPERlZmF1bHRfVmFsdWUgdmFsdWU9IiIvPgoJCQkJCQkJCTxGaWVsZF9Qb3NpdGlvbiB2YWx1ZT0iMTQiLz4KCQkJCQkJCQk8SW5kZXhlZCB2YWx1ZT0iMSIvPgoJCQkJCQkJCTxMZW5ndGggdmFsdWU9IjExIi8+CgkJCQkJCQkJPE5hbWUgdmFsdWU9InJlY2liaWRvIi8+CgkJCQkJCQkJPE51bGxhYmxlIHZhbHVlPSIwIi8+CgkJCQkJCQkJPE9uX1VwZGF0ZV9TZXRfQ3VycmVudCB2YWx1ZT0iMCIvPgoJCQkJCQkJCTxQcmVjaXNpb24gdmFsdWU9IjEwIi8+CgkJCQkJCQkJPFNjYWxlIHZhbHVlPSIwIi8+CgkJCQkJCQkJPFR5cGUgdmFsdWU9IkludCIvPgoJCQkJCQkJCTxVbmlxdWUgdmFsdWU9IjAiLz4KCQkJCQkJCQk8VW5zaWduZWQgdmFsdWU9IjAiLz4KCQkJCQkJCQk8WmVyb2ZpbGwgdmFsdWU9IjAiLz4KCQkJCQkJCTwvUHJvcGVydGllcz4KCQkJCQkJCTxjb250cm9sIHZhbHVlPSIiLz4KCQkJCQkJCTxkZWxldGUgdmFsdWU9IjAiLz4KCQkJCQkJCTxuYW1lIHZhbHVlPSJyZWNpYmlkbyIvPgoJCQkJCQk8L28xMj4KCQkJCQkJPG8xMz4KCQkJCQkJCTxDaGFuZ2VzIHZhbHVlPSIiLz4KCQkJCQkJCTxQcm9wZXJ0aWVzPgoJCQkJCQkJCTxBdXRvaW5jcmVtZW50IHZhbHVlPSIwIi8+CgkJCQkJCQkJPENoYXJzZXQgdmFsdWU9IiIvPgoJCQkJCQkJCTxDb2xsYXRpb24gdmFsdWU9IiIvPgoJCQkJCQkJCTxDb21tZW50IHZhbHVlPSIiLz4KCQkJCQkJCQk8RGVmYXVsdF9WYWx1ZSB2YWx1ZT0iIi8+CgkJCQkJCQkJPEZpZWxkX1Bvc2l0aW9uIHZhbHVlPSI4Ii8+CgkJCQkJCQkJPEluZGV4ZWQgdmFsdWU9IjAiLz4KCQkJCQkJCQk8TGVuZ3RoIHZhbHVlPSIxMSIvPgoJCQkJCQkJCTxOYW1lIHZhbHVlPSJ1bmlkYWRlcyIvPgoJCQkJCQkJCTxOdWxsYWJsZSB2YWx1ZT0iMCIvPgoJCQkJCQkJCTxPbl9VcGRhdGVfU2V0X0N1cnJlbnQgdmFsdWU9IjAiLz4KCQkJCQkJCQk8UHJlY2lzaW9uIHZhbHVlPSI1Ii8+CgkJCQkJCQkJPFNjYWxlIHZhbHVlPSIwIi8+CgkJCQkJCQkJPFR5cGUgdmFsdWU9IlNtYWxsaW50Ii8+CgkJCQkJCQkJPFVuaXF1ZSB2YWx1ZT0iMCIvPgoJCQkJCQkJCTxVbnNpZ25lZCB2YWx1ZT0iMSIvPgoJCQkJCQkJCTxaZXJvZmlsbCB2YWx1ZT0iMCIvPgoJCQkJCQkJPC9Qcm9wZXJ0aWVzPgoJCQkJCQkJPGNvbnRyb2wgdmFsdWU9IiIvPgoJCQkJCQkJPGRlbGV0ZSB2YWx1ZT0iMCIvPgoJCQkJCQkJPG5hbWUgdmFsdWU9InVuaWRhZGVzIi8+CgkJCQkJCTwvbzEzPgoJCQkJCQk8bzI+CgkJCQkJCQk8Q2hhbmdlcyB2YWx1ZT0iIi8+CgkJCQkJCQk8UHJvcGVydGllcz4KCQkJCQkJCQk8QXV0b2luY3JlbWVudCB2YWx1ZT0iMCIvPgoJCQkJCQkJCTxDaGFyc2V0IHZhbHVlPSIiLz4KCQkJCQkJCQk8Q29sbGF0aW9uIHZhbHVlPSIiLz4KCQkJCQkJCQk8Q29tbWVudCB2YWx1ZT0iIi8+CgkJCQkJCQkJPERlZmF1bHRfVmFsdWUgdmFsdWU9IiIvPgoJCQkJCQkJCTxGaWVsZF9Qb3NpdGlvbiB2YWx1ZT0iMTMiLz4KCQkJCQkJCQk8SW5kZXhlZCB2YWx1ZT0iMCIvPgoJCQkJCQkJCTxMZW5ndGggdmFsdWU9IjAiLz4KCQkJCQkJCQk8TmFtZSB2YWx1ZT0iZGV2b2x1Y2lvbl9wZXNvX3VuaWRhZGVzIi8+CgkJCQkJCQkJPE51bGxhYmxlIHZhbHVlPSIwIi8+CgkJCQkJCQkJPE9uX1VwZGF0ZV9TZXRfQ3VycmVudCB2YWx1ZT0iMCIvPgoJCQkJCQkJCTxQcmVjaXNpb24gdmFsdWU9IjQiLz4KCQkJCQkJCQk8U2NhbGUgdmFsdWU9IjEiLz4KCQkJCQkJCQk8VHlwZSB2YWx1ZT0iRGVjaW1hbCIvPgoJCQkJCQkJCTxVbmlxdWUgdmFsdWU9IjAiLz4KCQkJCQkJCQk8VW5zaWduZWQgdmFsdWU9IjEiLz4KCQkJCQkJCQk8WmVyb2ZpbGwgdmFsdWU9IjAiLz4KCQkJCQkJCTwvUHJvcGVydGllcz4KCQkJCQkJCTxjb250cm9sIHZhbHVlPSIiLz4KCQkJCQkJCTxkZWxldGUgdmFsdWU9IjAiLz4KCQkJCQkJCTxuYW1lIHZhbHVlPSJkZXZvbHVjaW9uX3Blc29fdW5pZGFkZXMiLz4KCQkJCQkJPC9vMj4KCQkJCQkJPG8zPgoJCQkJCQkJPENoYW5nZXMgdmFsdWU9IiIvPgoJCQkJCQkJPFByb3BlcnRpZXM+CgkJCQkJCQkJPEF1dG9pbmNyZW1lbnQgdmFsdWU9IjAiLz4KCQkJCQkJCQk8Q2hhcnNldCB2YWx1ZT0idXRmOCIvPgoJCQkJCQkJCTxDb2xsYXRpb24gdmFsdWU9InV0ZjhfZ2VuZXJhbF9jaSIvPgoJCQkJCQkJCTxDb21tZW50IHZhbHVlPSIwID0gbm8KMSA9IHNpIi8+CgkJCQkJCQkJPERlZmF1bHRfVmFsdWUgdmFsdWU9IiIvPgoJCQkJCQkJCTxFbGVtZW50cyB2YWx1ZT0iTUE9PSBNUT09Ii8+CgkJCQkJCQkJPEZpZWxkX1Bvc2l0aW9uIHZhbHVlPSIxMiIvPgoJCQkJCQkJCTxJbmRleGVkIHZhbHVlPSIwIi8+CgkJCQkJCQkJPExlbmd0aCB2YWx1ZT0iLTEiLz4KCQkJCQkJCQk8TmFtZSB2YWx1ZT0iZGV2b2x1Y2lvbl9zaV9ubyIvPgoJCQkJCQkJCTxOdWxsYWJsZSB2YWx1ZT0iMCIvPgoJCQkJCQkJCTxPbl9VcGRhdGVfU2V0X0N1cnJlbnQgdmFsdWU9IjAiLz4KCQkJCQkJCQk8UHJlY2lzaW9uIHZhbHVlPSIwIi8+CgkJCQkJCQkJPFNjYWxlIHZhbHVlPSIwIi8+CgkJCQkJCQkJPFR5cGUgdmFsdWU9IkVudW0iLz4KCQkJCQkJCQk8VW5pcXVlIHZhbHVlPSIwIi8+CgkJCQkJCQkJPFVuc2lnbmVkIHZhbHVlPSIwIi8+CgkJCQkJCQkJPFplcm9maWxsIHZhbHVlPSIwIi8+CgkJCQkJCQk8L1Byb3BlcnRpZXM+CgkJCQkJCQk8Y29udHJvbCB2YWx1ZT0iIi8+CgkJCQkJCQk8ZGVsZXRlIHZhbHVlPSIwIi8+CgkJCQkJCQk8bmFtZSB2YWx1ZT0iZGV2b2x1Y2lvbl9zaV9ubyIvPgoJCQkJCQk8L28zPgoJCQkJCQk8bzQ+CgkJCQkJCQk8Q2hhbmdlcyB2YWx1ZT0iIi8+CgkJCQkJCQk8UHJvcGVydGllcz4KCQkJCQkJCQk8QXV0b2luY3JlbWVudCB2YWx1ZT0iMCIvPgoJCQkJCQkJCTxDaGFyc2V0IHZhbHVlPSIiLz4KCQkJCQkJCQk8Q29sbGF0aW9uIHZhbHVlPSIiLz4KCQkJCQkJCQk8Q29tbWVudCB2YWx1ZT0iIi8+CgkJCQkJCQkJPERlZmF1bHRfVmFsdWUgdmFsdWU9IiIvPgoJCQkJCQkJCTxGaWVsZF9Qb3NpdGlvbiB2YWx1ZT0iMiIvPgoJCQkJCQkJCTxJbmRleGVkIHZhbHVlPSIwIi8+CgkJCQkJCQkJPExlbmd0aCB2YWx1ZT0iLTEiLz4KCQkJCQkJCQk8TmFtZSB2YWx1ZT0iZmVjX2luZ3Jlc28iLz4KCQkJCQkJCQk8TnVsbGFibGUgdmFsdWU9IjAiLz4KCQkJCQkJCQk8T25fVXBkYXRlX1NldF9DdXJyZW50IHZhbHVlPSIwIi8+CgkJCQkJCQkJPFByZWNpc2lvbiB2YWx1ZT0iMCIvPgoJCQkJCQkJCTxTY2FsZSB2YWx1ZT0iMCIvPgoJCQkJCQkJCTxUeXBlIHZhbHVlPSJEYXRlIi8+CgkJCQkJCQkJPFVuaXF1ZSB2YWx1ZT0iMCIvPgoJCQkJCQkJCTxVbnNpZ25lZCB2YWx1ZT0iMCIvPgoJCQkJCQkJCTxaZXJvZmlsbCB2YWx1ZT0iMCIvPgoJCQkJCQkJPC9Qcm9wZXJ0aWVzPgoJCQkJCQkJPGNvbnRyb2wgdmFsdWU9IiIvPgoJCQkJCQkJPGRlbGV0ZSB2YWx1ZT0iMCIvPgoJCQkJCQkJPG5hbWUgdmFsdWU9ImZlY19pbmdyZXNvIi8+CgkJCQkJCTwvbzQ+CgkJCQkJCTxvNT4KCQkJCQkJCTxDaGFuZ2VzIHZhbHVlPSIiLz4KCQkJCQkJCTxQcm9wZXJ0aWVzPgoJCQkJCQkJCTxBdXRvaW5jcmVtZW50IHZhbHVlPSIwIi8+CgkJCQkJCQkJPENoYXJzZXQgdmFsdWU9IiIvPgoJCQkJCQkJCTxDb2xsYXRpb24gdmFsdWU9IiIvPgoJCQkJCQkJCTxDb21tZW50IHZhbHVlPSIiLz4KCQkJCQkJCQk8RGVmYXVsdF9WYWx1ZSB2YWx1ZT0iIi8+CgkJCQkJCQkJPEZpZWxkX1Bvc2l0aW9uIHZhbHVlPSI0Ii8+CgkJCQkJCQkJPEluZGV4ZWQgdmFsdWU9IjAiLz4KCQkJCQkJCQk8TGVuZ3RoIHZhbHVlPSItMSIvPgoJCQkJCQkJCTxOYW1lIHZhbHVlPSJmZWNfdmVuY2ltaWVudG8iLz4KCQkJCQkJCQk8TnVsbGFibGUgdmFsdWU9IjAiLz4KCQkJCQkJCQk8T25fVXBkYXRlX1NldF9DdXJyZW50IHZhbHVlPSIwIi8+CgkJCQkJCQkJPFByZWNpc2lvbiB2YWx1ZT0iMCIvPgoJCQkJCQkJCTxTY2FsZSB2YWx1ZT0iMCIvPgoJCQkJCQkJCTxUeXBlIHZhbHVlPSJEYXRlIi8+CgkJCQkJCQkJPFVuaXF1ZSB2YWx1ZT0iMCIvPgoJCQkJCQkJCTxVbnNpZ25lZCB2YWx1ZT0iMCIvPgoJCQkJCQkJCTxaZXJvZmlsbCB2YWx1ZT0iMCIvPgoJCQkJCQkJPC9Qcm9wZXJ0aWVzPgoJCQkJCQkJPGNvbnRyb2wgdmFsdWU9IiIvPgoJCQkJCQkJPGRlbGV0ZSB2YWx1ZT0iMCIvPgoJCQkJCQkJPG5hbWUgdmFsdWU9ImZlY192ZW5jaW1pZW50byIvPgoJCQkJCQk8L281PgoJCQkJCQk8bzY+CgkJCQkJCQk8Q2hhbmdlcyB2YWx1ZT0iIi8+CgkJCQkJCQk8UHJvcGVydGllcz4KCQkJCQkJCQk8QXV0b2luY3JlbWVudCB2YWx1ZT0iMSIvPgoJCQkJCQkJCTxDaGFyc2V0IHZhbHVlPSIiLz4KCQkJCQkJCQk8Q29sbGF0aW9uIHZhbHVlPSIiLz4KCQkJCQkJCQk8Q29tbWVudCB2YWx1ZT0iIi8+CgkJCQkJCQkJPERlZmF1bHRfVmFsdWUgdmFsdWU9IiIvPgoJCQkJCQkJCTxGaWVsZF9Qb3NpdGlvbiB2YWx1ZT0iMSIvPgoJCQkJCQkJCTxJbmRleGVkIHZhbHVlPSIxIi8+CgkJCQkJCQkJPExlbmd0aCB2YWx1ZT0iMTEiLz4KCQkJCQkJCQk8TmFtZSB2YWx1ZT0iaWQiLz4KCQkJCQkJCQk8TnVsbGFibGUgdmFsdWU9IjAiLz4KCQkJCQkJCQk8T25fVXBkYXRlX1NldF9DdXJyZW50IHZhbHVlPSIwIi8+CgkJCQkJCQkJPFByZWNpc2lvbiB2YWx1ZT0iMTAiLz4KCQkJCQkJCQk8U2NhbGUgdmFsdWU9IjAiLz4KCQkJCQkJCQk8VHlwZSB2YWx1ZT0iSW50Ii8+CgkJCQkJCQkJPFVuaXF1ZSB2YWx1ZT0iMSIvPgoJCQkJCQkJCTxVbnNpZ25lZCB2YWx1ZT0iMSIvPgoJCQkJCQkJCTxaZXJvZmlsbCB2YWx1ZT0iMCIvPgoJCQkJCQkJPC9Qcm9wZXJ0aWVzPgoJCQkJCQkJPGNvbnRyb2wgdmFsdWU9IiIvPgoJCQkJCQkJPGRlbGV0ZSB2YWx1ZT0iMCIvPgoJCQkJCQkJPG5hbWUgdmFsdWU9ImlkIi8+CgkJCQkJCTwvbzY+CgkJCQkJCTxvNz4KCQkJCQkJCTxDaGFuZ2VzIHZhbHVlPSIiLz4KCQkJCQkJCTxQcm9wZXJ0aWVzPgoJCQkJCQkJCTxBdXRvaW5jcmVtZW50IHZhbHVlPSIwIi8+CgkJCQkJCQkJPENoYXJzZXQgdmFsdWU9InV0ZjgiLz4KCQkJCQkJCQk8Q29sbGF0aW9uIHZhbHVlPSJ1dGY4X2dlbmVyYWxfY2kiLz4KCQkJCQkJCQk8Q29tbWVudCB2YWx1ZT0iIi8+CgkJCQkJCQkJPERlZmF1bHRfVmFsdWUgdmFsdWU9IiIvPgoJCQkJCQkJCTxGaWVsZF9Qb3NpdGlvbiB2YWx1ZT0iMyIvPgoJCQkJCQkJCTxJbmRleGVkIHZhbHVlPSIwIi8+CgkJCQkJCQkJPExlbmd0aCB2YWx1ZT0iMjAiLz4KCQkJCQkJCQk8TmFtZSB2YWx1ZT0ibG90ZV9pbnRlcm5vIi8+CgkJCQkJCQkJPE51bGxhYmxlIHZhbHVlPSIwIi8+CgkJCQkJCQkJPE9uX1VwZGF0ZV9TZXRfQ3VycmVudCB2YWx1ZT0iMCIvPgoJCQkJCQkJCTxQcmVjaXNpb24gdmFsdWU9IjAiLz4KCQkJCQkJCQk8U2NhbGUgdmFsdWU9IjAiLz4KCQkJCQkJCQk8VHlwZSB2YWx1ZT0iVmFyQ2hhciIvPgoJCQkJCQkJCTxVbmlxdWUgdmFsdWU9IjAiLz4KCQkJCQkJCQk8VW5zaWduZWQgdmFsdWU9IjAiLz4KCQkJCQkJCQk8WmVyb2ZpbGwgdmFsdWU9IjAiLz4KCQkJCQkJCTwvUHJvcGVydGllcz4KCQkJCQkJCTxjb250cm9sIHZhbHVlPSIiLz4KCQkJCQkJCTxkZWxldGUgdmFsdWU9IjAiLz4KCQkJCQkJCTxuYW1lIHZhbHVlPSJsb3RlX2ludGVybm8iLz4KCQkJCQkJPC9vNz4KCQkJCQkJPG84PgoJCQkJCQkJPENoYW5nZXMgdmFsdWU9IiIvPgoJCQkJCQkJPFByb3BlcnRpZXM+CgkJCQkJCQkJPEF1dG9pbmNyZW1lbnQgdmFsdWU9IjAiLz4KCQkJCQkJCQk8Q2hhcnNldCB2YWx1ZT0iIi8+CgkJCQkJCQkJPENvbGxhdGlvbiB2YWx1ZT0iIi8+CgkJCQkJCQkJPENvbW1lbnQgdmFsdWU9IiIvPgoJCQkJCQkJCTxEZWZhdWx0X1ZhbHVlIHZhbHVlPSIiLz4KCQkJCQkJCQk8RmllbGRfUG9zaXRpb24gdmFsdWU9IjYiLz4KCQkJCQkJCQk8SW5kZXhlZCB2YWx1ZT0iMSIvPgoJCQkJCQkJCTxMZW5ndGggdmFsdWU9IjExIi8+CgkJCQkJCQkJPE5hbWUgdmFsdWU9Im1hdGVyaWFfcHJpbWFfaW5zdW1vIi8+CgkJCQkJCQkJPE51bGxhYmxlIHZhbHVlPSIwIi8+CgkJCQkJCQkJPE9uX1VwZGF0ZV9TZXRfQ3VycmVudCB2YWx1ZT0iMCIvPgoJCQkJCQkJCTxQcmVjaXNpb24gdmFsdWU9IjEwIi8+CgkJCQkJCQkJPFNjYWxlIHZhbHVlPSIwIi8+CgkJCQkJCQkJPFR5cGUgdmFsdWU9IkludCIvPgoJCQkJCQkJCTxVbmlxdWUgdmFsdWU9IjAiLz4KCQkJCQkJCQk8VW5zaWduZWQgdmFsdWU9IjEiLz4KCQkJCQkJCQk8WmVyb2ZpbGwgdmFsdWU9IjAiLz4KCQkJCQkJCTwvUHJvcGVydGllcz4KCQkJCQkJCTxjb250cm9sIHZhbHVlPSIiLz4KCQkJCQkJCTxkZWxldGUgdmFsdWU9IjAiLz4KCQkJCQkJCTxuYW1lIHZhbHVlPSJtYXRlcmlhX3ByaW1hX2luc3VtbyIvPgoJCQkJCQk8L284PgoJCQkJCQk8bzk+CgkJCQkJCQk8Q2hhbmdlcyB2YWx1ZT0iIi8+CgkJCQkJCQk8UHJvcGVydGllcz4KCQkJCQkJCQk8QXV0b2luY3JlbWVudCB2YWx1ZT0iMCIvPgoJCQkJCQkJCTxDaGFyc2V0IHZhbHVlPSJ1dGY4Ii8+CgkJCQkJCQkJPENvbGxhdGlvbiB2YWx1ZT0idXRmOF9nZW5lcmFsX2NpIi8+CgkJCQkJCQkJPENvbW1lbnQgdmFsdWU9IiIvPgoJCQkJCQkJCTxEZWZhdWx0X1ZhbHVlIHZhbHVlPSIiLz4KCQkJCQkJCQk8RmllbGRfUG9zaXRpb24gdmFsdWU9IjkiLz4KCQkJCQkJCQk8SW5kZXhlZCB2YWx1ZT0iMCIvPgoJCQkJCQkJCTxMZW5ndGggdmFsdWU9IjEwMCIvPgoJCQkJCQkJCTxOYW1lIHZhbHVlPSJudW1fbG90ZV9leHRlcm5vIi8+CgkJCQkJCQkJPE51bGxhYmxlIHZhbHVlPSIwIi8+CgkJCQkJCQkJPE9uX1VwZGF0ZV9TZXRfQ3VycmVudCB2YWx1ZT0iMCIvPgoJCQkJCQkJCTxQcmVjaXNpb24gdmFsdWU9IjAiLz4KCQkJCQkJCQk8U2NhbGUgdmFsdWU9IjAiLz4KCQkJCQkJCQk8VHlwZSB2YWx1ZT0iVmFyQ2hhciIvPgoJCQkJCQkJCTxVbmlxdWUgdmFsdWU9IjAiLz4KCQkJCQkJCQk8VW5zaWduZWQgdmFsdWU9IjAiLz4KCQkJCQkJCQk8WmVyb2ZpbGwgdmFsdWU9IjAiLz4KCQkJCQkJCTwvUHJvcGVydGllcz4KCQkJCQkJCTxjb250cm9sIHZhbHVlPSIiLz4KCQkJCQkJCTxkZWxldGUgdmFsdWU9IjAiLz4KCQkJCQkJCTxuYW1lIHZhbHVlPSJudW1fbG90ZV9leHRlcm5vIi8+CgkJCQkJCTwvbzk+CgkJCQkJPC9maWVsZD4KCQkJCQk8aW5kZXg+CgkJCQkJCTxvMD4KCQkJCQkJCTxDaGFuZ2VzIHZhbHVlPSIiLz4KCQkJCQkJCTxQcm9wZXJ0aWVzPgoJCQkJCQkJCTxDb21tZW50IHZhbHVlPSIiLz4KCQkJCQkJCQk8RmllbGRzIHZhbHVlPSJiV0YwWlhKcFlWOXdjbWx0WVY5cGJuTjFiVzg9Ii8+CgkJCQkJCQkJPE5hbWUgdmFsdWU9Imxua19yZWNlcGNpb25fbWF0ZXJpYV9wcmltYV9ub19jYXJuaWNhX2luc3VtbyIvPgoJCQkJCQkJCTxUeXBlIHZhbHVlPSJCVFJFRSIvPgoJCQkJCQkJCTxVbmlxdWUgdmFsdWU9IjAiLz4KCQkJCQkJCTwvUHJvcGVydGllcz4KCQkJCQkJCTxjb250cm9sIHZhbHVlPSIiLz4KCQkJCQkJCTxkZWxldGUgdmFsdWU9IjAiLz4KCQkJCQkJCTxuYW1lIHZhbHVlPSJsbmtfcmVjZXBjaW9uX21hdGVyaWFfcHJpbWFfbm9fY2FybmljYV9pbnN1bW8iLz4KCQkJCQkJPC9vMD4KCQkJCQkJPG8xPgoJCQkJCQkJPENoYW5nZXMgdmFsdWU9IiIvPgoJCQkJCQkJPFByb3BlcnRpZXM+CgkJCQkJCQkJPENvbW1lbnQgdmFsdWU9IiIvPgoJCQkJCQkJCTxGaWVsZHMgdmFsdWU9ImNISnZkbVZsWkc5eVgybGsiLz4KCQkJCQkJCQk8TmFtZSB2YWx1ZT0ibG5rX3JlY2VwY2lvbl9tYXRlcmlhX3ByaW1hX25vX2Nhcm5pY2FfcHJvdmVlZG9yIi8+CgkJCQkJCQkJPFR5cGUgdmFsdWU9IkJUUkVFIi8+CgkJCQkJCQkJPFVuaXF1ZSB2YWx1ZT0iMCIvPgoJCQkJCQkJPC9Qcm9wZXJ0aWVzPgoJCQkJCQkJPGNvbnRyb2wgdmFsdWU9IiIvPgoJCQkJCQkJPGRlbGV0ZSB2YWx1ZT0iMCIvPgoJCQkJCQkJPG5hbWUgdmFsdWU9Imxua19yZWNlcGNpb25fbWF0ZXJpYV9wcmltYV9ub19jYXJuaWNhX3Byb3ZlZWRvciIvPgoJCQkJCQk8L28xPgoJCQkJCQk8bzI+CgkJCQkJCQk8Q2hhbmdlcyB2YWx1ZT0iIi8+CgkJCQkJCQk8UHJvcGVydGllcz4KCQkJCQkJCQk8Q29tbWVudCB2YWx1ZT0iIi8+CgkJCQkJCQkJPEZpZWxkcyB2YWx1ZT0iY21WamFXSnBaRzg9Ii8+CgkJCQkJCQkJPE5hbWUgdmFsdWU9Imxua19yZWNlcGNpb25fbWF0ZXJpYV9wcmltYV9ub19jYXJuaWNhX1VzZXIiLz4KCQkJCQkJCQk8VHlwZSB2YWx1ZT0iQlRSRUUiLz4KCQkJCQkJCQk8VW5pcXVlIHZhbHVlPSIwIi8+CgkJCQkJCQk8L1Byb3BlcnRpZXM+CgkJCQkJCQk8Y29udHJvbCB2YWx1ZT0iIi8+CgkJCQkJCQk8ZGVsZXRlIHZhbHVlPSIwIi8+CgkJCQkJCQk8bmFtZSB2YWx1ZT0ibG5rX3JlY2VwY2lvbl9tYXRlcmlhX3ByaW1hX25vX2Nhcm5pY2FfVXNlciIvPgoJCQkJCQk8L28yPgoJCQkJCQk8bzM+CgkJCQkJCQk8Q2hhbmdlcyB2YWx1ZT0iIi8+CgkJCQkJCQk8UHJvcGVydGllcz4KCQkJCQkJCQk8Q29tbWVudCB2YWx1ZT0iIi8+CgkJCQkJCQkJPEZpZWxkcyB2YWx1ZT0iYVdRPSIvPgoJCQkJCQkJCTxOYW1lIHZhbHVlPSJQUklNQVJZIi8+CgkJCQkJCQkJPFR5cGUgdmFsdWU9IkJUUkVFIi8+CgkJCQkJCQkJPFVuaXF1ZSB2YWx1ZT0iMSIvPgoJCQkJCQkJPC9Qcm9wZXJ0aWVzPgoJCQkJCQkJPGNvbnRyb2wgdmFsdWU9IiIvPgoJCQkJCQkJPGRlbGV0ZSB2YWx1ZT0iMCIvPgoJCQkJCQkJPG5hbWUgdmFsdWU9IlBSSU1BUlkiLz4KCQkJCQkJPC9vMz4KCQkJCQk8L2luZGV4PgoJCQkJCTxuYW1lIHZhbHVlPSJyZWNlcGNpb25fbWF0ZXJpYV9wcmltYV9ub19jYXJuaWNhIi8+CgkJCQkJPHVuaXF1ZT4KCQkJCQkJPG8wPgoJCQkJCQkJPENoYW5nZXMgdmFsdWU9IiIvPgoJCQkJCQkJPFByb3BlcnRpZXM+CgkJCQkJCQkJPEZpZWxkcyB2YWx1ZT0iYVdRPSIvPgoJCQkJCQkJCTxOYW1lIHZhbHVlPSJQUklNQVJZIi8+CgkJCQkJCQk8L1Byb3BlcnRpZXM+CgkJCQkJCQk8Y29udHJvbCB2YWx1ZT0iIi8+CgkJCQkJCQk8ZGVsZXRlIHZhbHVlPSIwIi8+CgkJCQkJCQk8bmFtZSB2YWx1ZT0iUFJJTUFSWSIvPgoJCQkJCQk8L28wPgoJCQkJCTwvdW5pcXVlPgoJCQkJPC9vMj4KCQkJPC90YWJsZT4KCQk8L21lZ2FjaG9yaXpvcz4KCTwvTW9kZWw+CjwvcHJvcGVydGllcz4KCg==', NULL, 'iVBORw0KGgoAAAANSUhEUgAAAKsAAABwCAIAAADucxeiAAAABmJLR0QA/wD/AP+gvaeTAAAff0lEQVR4nO2deUCN2RvHvzd1W2iEEJkwYchalkqzIGMbzUxmLM2PGUvGPoYSZiwJWce+ziRGEkIqS7soNJUltFBp37vtd7/3fX5/vE01JqTVVZ+/3ve85z3n6b5P53nOczYOEaGFZoxyUwvQLLCa+8nyjSObWoqXkUhkn/Xeo9TUYjQLTMd0jbnPy0nWzUnWrUs594LSXvP0/NGMGpZz3vm+v1csl6uclpbWogGNh4aKhoaKBntNhLj4No9vpgLwDeMC2GET9PPESwCyk4qtRrlbjXIPv50OYP+mMIZgO/6S1Sh3kZy2OcRVFGj7Pz8AV87Efj/Wa/n316+cv5sYV0iEhWMv7lgdAsBqlPvzaF5ObklmaundoNTI0HIVGWHW44uv+rHXHCIKS7ErK5aw923achvl16jEUGezqqpqI1fayBw4M22AUVexSAagXQeNmr/4i1XAPrexr8+ww+kr1daCWrwLQFdpWbkGtNUYHx56u2fvPlzNqNe/YzXK3S146htFfyPnne8DmD53aBcs6d69e90LfJe5du2aubl5U0tRDXl5eeWe4M1r3sXFRYV5eSbj2yz+zlvAdJ06Q/POgwLHbSYzx3lwSX7Cb+q9aEnHwmwA/xt7aa/rVx07qXA4ta97yswhyiqt6uXPePfhcrlqamqHbxYsGd2+2gwZGRm6uro2K1b8vndvA8lgYuIUFmb93/RyP6CfCcdkfLvBn6kC2Hd62qnLQ7+c1sdxuwk4OONv6RzwHUeJRg5U6f3Zh27BU10Dvu3UuU6fH4AKt1UdS1Ascgr40anFDFPe996576Ctre39oOsjRhgDEIvFALQ7dQJgt2YNm2fHvoP5yXEX/B4DWL//MIDp06dt2LCRGOHqGeNlMhkjzXVxdQVw7NixNwoQFmbdtevuggIhMbLDRyNkFVEAamqSk5ObWoQGx8/P7415jh49WotHdSQ1NbW8DcgrFgU+yq4vfbf87GRZagJ7LReJps+9UfXpkSPhJiZOz0Mfy5lmE4yqQWu3cOHCWjyqB1hdsHWKnL47nIj6dO5ARFKppEgic3ZyMjY25peW6n2o+7bKxTBMeqF4+nR3/4N35DI5mzh48GH2Qi6TTht0gM+XUjNpA/z9iGinXzF7KxQKhUKhRCIhIqmcEQqFMTExROTg4EBEIpG4Ig8jl8lkciKSSSUSsUgsFkulUrFYTERSmVwoFDKMXM4wNRRDKJQyDENEErFUIpYSUWpqahNYgZycsqq3zUED/P39iGjRqQT2lmGYxOxcGxubi6dPDRs2TCBjrt6PISJHR0cicjvuQERyhnmWmXMx6P7MubbsW3O2niYip+1bpkyZkvgsTkmJE5uZ42Y732GPTw3F6NJlN48niPQOOXo0gk1pGg14ieajAa/Hzc2tFo/qSKUfcODqi0N+mQCExS8A3IxKAhAVFQVg/9GTT295v5Vl8T1845DVwe3bQz094575RaU9y3wUEAPA70GRt9tDAIWZuQ4TjwpE8no1aIrNjBkzavGo7pRrwOi+Gm3k+QAu2y0F8OjKIQC/b/4FgCjJT7PHoLcqdPySiUvOLtXv08HN7Wm3AR2DglOGjDUAMHfSMQsrQwD+AUmmIzu3atWMYtKZPP4uvwJesRDATyu37Fi37OimVScPbJ44YaK6ujqAjIdXAZzdawfgC/NPAUyZMuXu83yLyRaHV34PYNKkLwE4ODh8++2331pMVFZWnvDlVwAu3nz2rdXch94HJTL5N99ZvVTvvXtpJ10SLCzcrjoFZ2aW7lhzbf7MCwBcfHPLczRQ81Jzmo8V+N4xgL2dauPsvMuWiKQM9dQ36NGjR89eA8QlsUQU7LGXiFgn0dLSMqlU0qePgceelURk+Nm3RFT0LGTu3LlEpKur26fXx6m3zjo6Og755Ouc1HtSmdzA6LOXqu7ceRcR9el75GHww6ys0oICARFl3IlZu9afiFJTUznU1PMDUlJS3vuocEBAwNixbwjRNwmVY4O/++bu9MkD4LpwMoDpP+3Z9Yfr+n3O9kddpCKhxfwTNS/UL1MCoP/nPqcvxPEkDIC1v3j5+MQDKCkRA9hyOGH6LO82rbcyTa18jYxrcEq16V9//XUjS/Iv2LaCYZiysjIiEhQmEFFkYgabfsXViWHksbnFNW/xkp7xpALxtm0hROR7KYqInj3LP7DnDvvUyyvOL+jF3gMR27aFsB3Z5mEF/K+HJf16KfNFRhERJYa5fD5mfFbEhVUL5xYXpKmpqRHRltlTiWjB1KlElBXrS0SH1i5Oi3/MlpAXH7DL9UZdZNi2LURLeyePJySiOatu3o0voRYr0GiwViDiceLwQfpNLcu/+NcMEaFYxl5kZLw81SQhIeGtypX+E+7NySh++ZFQIpJRXFx+XFz+2wmr0HAA4F37/CzlGrDoZOKvHjkA+nTWBjBu3DgHO1tr65+IKFkgMTc3F8gYOzu7H3+c88YS5699Br5QSWmzWE5aXT4AcPlStHHfPexTFXVugZRQlN+jh5ZA2LziAX+ElrEXVdvdyMjIRhNAXX0Le/Hnn/crUyvshFwur4uZqTXNwQ8ICPAv4YsXnkxk/onh37t3r0QmJ6Lw8HAZwxCRxZdfyBjmyq1QqUg4Y/VZaY2j/W8Fr0AUGpJw9GiE1+0UaokKNxoBAf7Vpi9YsKDi+m5MSmOJU0llVPhhwFKvU1YAVq5cWY/NzrlzTwFYWp7buPFmq1abtm69zaZ7ez+rx1oUl6ozO0z76TWJDOUaYDj2UPeBPwM4efKkQCqt92o2bRrdqpXSb799VjVRJGXqvaJ3mV3+xQBkMplYLE7JKYp6EAkg+mnsg8gHkQ+fpMZHA0hISODz+Wk8kVROxIj4EnlkRIS+vv6zJw/rLgARlQjl4ZFZq1f7R0dlsYmVfYHBQ00BFBYWaqio1L0ylhkzBgDw8JgBQCJZX5FuYfExADWVZjQuACApIw+AsrKyqqpq4HHbhyXqAHp3VzcaZqTXgR7FJgLQ09OLj4//SEfzRcLzwC2/RF4/PWz48I5tWi/1rD6a9FaIRDIlJU5+xH1uB02XSD6b2BIPaAwCAwPMzauJCsfFxfXt27fx5akgLS2tfK7wLs8XXDWN5eN1Zv8w86dvRo2cYu3i4qKUHz9i8iyvU4eSiuXaXKb3ULPov0McDxwDICmOvRH8/FXhzFtuwb5/PEzS+dDUtNsnXVW6m330yDfGfLaZs1+uMPzxknVjC3N4RQKlrl01VVWb0bI1/3N2X8zYWTWlaT8/S3k7/O0wrV6aJQA8va91N54I4I/jh/+3woHH493M5Hh7eyu17xIVFZVObdn8ka6nXlPo51ajtgb90ndA57t30w1Gdz9+4rH5bDMAv/1wasm6sQD2H7oPQEmp2UwW5gCAXo8S9i7ced2NGzdel7+eWDrn7KxZlwGsWOFTkfjpp87/ytT4PZCXaBa9wUB/IvpryzD2VlQYFR4e3jhVL/vhAhGNH+8yfrwLm2Jj40NE33x1llrGBRqNwKAA8zHv9ujw/gDeDp88AFz1NlnZPK/DSwZ/OWv7+SD26cXt04ZMWbJozuLEQHfPrVbJqckeCyb6BDy4dWX/mmlTAGRnV840P58sBtCx5wW/8Fy+nADsXuednVUKQCotDwMTIx/Ue79AUP/dzneZPR7vZBSEbRkYhhEIBEQUEBAgFAqDbt1LSkqqaEkCb4Xl5OSkJj4lIjlD/r4+jIxfJpSEhEXlZSa81OzkZ5fJJNIbN+KJKPpBGhFlZ5cG+Zdni4rKjovLCwhMEvEFTLMZHQ4I9A+4n2J7Pj2ngE9EFgN6+fjfIaKPe+kTkZqaWqlQYmFhMUj/IzZ/Qcaj0753aldXetj9cw9LJow92VFnt147RyLKKBTzM/PGTTgvksqJaMH3l44cLbdBCm8FFi2fylHPfXO+RufLMYu+HFc5vTMoKGDMmLHPk7L69OzShFIBEAikGhqV8Z7K3iCA/GKRdlu1y5cvT5gwQUPjLVY415xz556yMaL64seVPdtpLL589q8p3/9YKHidd/3gXpaR6Zt//efRvD79O9RaHiKAAA4E/HvAyxN8m/zzA6j6+Vn+GR0+8dzeKwfAvHnzCgsL5dL87b+Xj+cSMUa9Prp+3b/u1c+YMWDWrMtr1gQQUY+e+/JKJXUv08fTXS6T+ni6Awi+nlSUUmg16qL1uIsA9tndsxrl7rAx4cAZicuhR7YWl67fyPcJLm/zXkSJd6y8k/BAXSpS5ee3f3Ata/VcP9/L8QXpnH2bnwKwGuWenCx8EtMWQPCFZKtRF59Hqr1eGA4HF07dr25FLAfAsX9Ghys4depUzf/S+Pj4mmf+L/7+iX37HgIQEpLSrt32SskqrAARcZpiNW9drEBYip2W8niPiy6W380qkvmKStVU24h4yZ00PhBpdCjJT+q0bM7h0wFTSzM6clox6q0lXK3SqjGIkty2UoFqhx65hent5VKVVlypMlemBCU5Qx90LrYa5e56cyqbXyLgluRoAdDumVuarykuVdfuWb31YX9GfpnYvP/+isSgoMBRo8Ys/uvF0dkfcTgcEE2cNGnd/j/j7wacOHI4JDwCgM33U7UHGq1duzZXyrSDXEVF5fLly5aWlgFXLq1Yb//06dPo6Oj+BgaluSmanXvExTzQ7z1QWVl58Y8/dOjed8vm317zKzk53be2Hurvn/jFF/oAQkJSXF2fHDs2GUBaWppi+wFhKXb1K0x9ISiTjOm/r+I2KChwzJga7SBhYmISFhZW8/SaU1Qk0tIqb8PCwtJNTLoBSEtLK+8L3IvJdb+TTkRaWlrslNGGoGK5WlWaQ18gMCigqUWonsr5ARHPcgIepgNQU+IUFRVlxfn/+usm9pFYIujevftv/5uy99CFrausT997LhGJHodeT+KVODvaz1m4reZquHDhMNYPKCss7tlzX73EA+z+itnpywOQHukDYPb8xVvsN8yaPZdtV/ITHh70jF61YvmcnxZZWlouXrrEzc1tz+UnixYtivY8COD7RRsB+Bwp37QhPDx83oot9uvW/Lx4vqqqano+f+FPcz/7xOzJkyc8Hk8kEhkbG/+2etVLy7mPHYvcsNYvKCipc+ddK5dfnzfTrVpR2dFhACdOuaampgK4fCMkJlMA4MWLF6fdPL755huvC65snlOuF3ll0kmTJmWnxgD449ixE6fOPLz7Bm+MbdDTC2VnTj14ksIHEBxVdOxY5OPHOf7+iWyeJzdCbNcGV33nlXh6ehobGze0GtaxDWAYJiE5g4ikgnQiWrr5NBFts5n71ONPIpKJ8qKLxUQ0ZrS5nZ3dAquvzp49+6hAZGpqKi6OISKrBb8RUVpc+cpOHx+fXzYfZ6+5XG6pVD524pRDhw5d+X0lEfH5/HEWU4lo3BjzqjIYG/9JRKKC4okTXaoVkm0DrI9HV6RY2zkQ0cmTJ4cNG0ZEiYmJJ3csXPbzz/MdjrEZbvp5OTp5H9+11XH+9Mq3Ftm+/tf4bOTBnauv29r6EtHx83FEZGLy57mr8Xv23PXzS7h3L00qlR9Z675yWfnE8/J4wJ07d2r079YwdOvW7b2PCgfdDBwz+l3cSepfs8UNhwxWb6NtbGxsMHCQZic9Pf1+PXv3BWBoaAigW4fqt0CqNe7u7lRPTqhQIqtJtqVLl9ZLdbXgXR4DrdSAzKxsjbZtAahy5HKZtLU6V0NNBQC74VeHD1RGDDOsx4rNx5jXS+fT9myyvWc2gCMb1wD4zNTo8v0XJ3zuTp48GYDvhbMjx1gLJfJCgTAjI2PUxK/c3NyGfzobwI+fGAHo18cAgOWwgQAMR0wB8Kvd6tvPM99KhnPnnkZnClk/oEwsL8urZilE6NPsXb68py/yAWxe9vXWrZsBHN2/w8q23JHKyMj4aemGc+fOubqcUKm/aVoVrF7uyU7bDAn513QjDhEFBgbWe301p1evXo1gBbZvc1yz9lcAbm5uVlYvL7FuaG7eDBw92nyDU4iD9acAtuw+Zj6kk+nYKcddryLn8YKVvwKIiYlJKpL+fe0ct62usDhr69at9StDfDzP9a+H9lvGrlkTAGD79rGoiAdU9QO0tLSKiopeU5CGaiuBuD5XejQHP4DVgKaWohpe3ldYS7tb//79jU1HamlpAVDX0h5pOtzEZBiAPv3Kt6E1HGpcL3W7u7tXHVOuNUTk7Pfiv+msFaiKpaVl3aurFh2d3a96VO7rcADAZ2vcq7K9ivXr1785U80Qi2XZ2WUAJBI5e8FSrgGs4SnmZYSHh0dGhLMpwqL8iMhH9+9HAXgeG6ukpKSiopKfGl0vAk2dOlVHR6fu5ey9EBnF4wLYaLcKwDXv83Ki8OflCx0vuJ4ZPsIcALuB4pO0DDc3tyGGnwP4dPBAADYrlwAwHjhALpePMjJ0O3epFjJkZ9sSEesHEBHbK8/Ozs7Ozo6Li5s2bRqA2NB0aW5riUAKQFj0/Ph5j83bdoiLY6ePNuusozNmwMde3tckgpw5M2dWLVkqyqv1L1PBroMRAG7fTtHRaQPg77/T7e2DK55yiGjo0KF1r6bWXL58uYGswIQJE3x8yufH+fj4TpgwHkBWVlaXLl1ela2BuBkcOHqUeUFOcfvObRu0otdQMS4AQE9vT2rqSlT4AdZLJ0kYXq2L5tShsyOTKu3deqVTp061LkEhYDWgqaWohspxAcXl5qOsfX65RCSXlhJR0N0HKVGhRGT66RgiYmRCHo/HMExyQWlowHUiykx6QkTevrd37drl5uYml5YRUQkviWEY90uetRbj/u2E7OxSD4+Yqx7RFy/FvvQ06GYAER26VfpSenBwMBGxO0Q2NH5+CdOnuxPR7dvJ+vr72MTKcQHFZaRBx4CbdwBEuhwHcNdtm94gMwDCnJjTvqGJIQHt27dnZLIfrP80M58I4Mhv9gCyAjep6/Vu/2GPKHcXAH/Mn80w9N2Ur2onQ1xcvtGn+vlJBQsWXP3yG4Nvp1S/CuBJYk7FtVwmcdiyLSkpKSa/TC6XXw9/AmCV7araCfB6nJwesBfnzn3HXowdW7mTQdOPDjcmIpFITe0NszwagnfBCsjlTMX2fSKRTE1NGf/tDb73NMnnR91cpfqi6u6N7OdnUXgN2HwpmR0dfuZ7FsCKBT+sdtwDoF+fHgAyo0Lz8vIYmeyHNW679h0C0G+wIQDv1dNiYmKiPY6e9gjbv3uTt+NiOVP7hcwLF17d8nsY2xs8fCRix/rqt2Dd5V8ZavN23gPg8T0vADa/bnHetxmAs+et9attai0Gy/oFns8epV0/FbZ6xQ0AhXzG2toLwKbf7y9ceBX/iQorvCfIMEx6Vh4RyUS5RLTH6QKbbvvbFptfVsolxWye8NQ8Nt3JyYmIhLxHMbGJcmlhfEYRERXmxDF12LNjwQJvIhKXlK1a5Vtthps3A4lo9sGH7O3eHb9ev36diHYun0NE9nYLpsz7hYh2OW7af+BgrcVgcT0XvWBJ+V7TP0/64+7d1HnzPInIzy9hw56/icjGxqfqztLNyw9oKoKDg0aNGtPUUlTDv2aLKy6lAqmmhgqAuXPnOjs7/zdDQzuAFY7Vq4iOjlZRqel5ahyg0f4p9fT0FN4PWHji2UbPLAA71toB6NOnV5f+VsVi+WSLGQBcXFye5pV+8MEHAqnM0tJyq+NOAE/zyhiGUVNvN++XdYccN8+YubyOMiQnF+WUSlk/QCJjJIL/nP3GgZmZ2bBB/QF06PKxVvePhw7S1+vSVVVTy3i4obHxMAC9Pu6rpKppZmZmOtK0jvK8EXd397Ky8qGBFivQGBw+cnCs+TiRSFRWVqatrZ2fz9PW7lBckC9loK2tDSA/Px9oBci1tbU7aypHJ9XbiT+vR09P732wAu8+EomkYr1HYWEhgMLCgqq3FRQWFtZpXchb8j5ogJxhTgamWn/RA6/2AywsLLy9/9VDYxhGSaneLOCECWd8fGa+JgOXy+3ZsyeA18+96NLpA6FEiS+SSEXVnCFaj4hEYjW1cr9E4f2Ak1ej7mcSgK1r7ADIGWbzyJ4AJltMA+D8x/7EEqGvr69IJre0tNyyZQuAlKjyTe2mTp1qb28vFb/uq9QE9vMHByV17rzrVXkMDAwMDAwGDRr4z21/MzPTXr16jRg+nMPhdGijBiA7t6R///4N/fkBeHt7VVw3Oz9AR0eHnZlScdEIHD5ycMhgo6opBgYGMTExL2VTUuIwDDVmb+B9sAJvS8VXb7TPDyAh54o08XbVlIjERqv8dejp7VH4NsAlIDGfabtinLbxiBFuJ/d+1N9sw4YNDg4OsbGxFy5cmmYxop/RuPXr1nE1Ow3QUbb8cbHbtVtWX35e72IISgQaH2iEPBddcw7VaNt6w9qXe3Rr/jlLtu5wVevnvOZBQ3p/YzFT4aPCEqls8R5fIlq5cuXuldZExK5E8Pb2JiLHhbPYbC5/Oe3cd5iIfl68uCHEOHUiIjoitVOnnWfOPj791/2GqKKBUPg2oIU6ovB9gRbqSCt7e/umlqFO7PPNuZ0oMuulYWNjExSWJeM/H2I4YthIs1+WLS2RtCvKivqot4FcJhWLJUFX/5q+fPOCWTOO79scmlymLhfq6Ojs/+OqlJ/RvXvPushgYuJUqKwmLigzMXEaOLTb0+CHfQ3rVGBjovAaYKzfup+2XENNVVNT86MPNV8kvpj0pYW4pGDUGPO+vXSeJ6QZGg7hcJQEAkFCvsr/Jn/etWvXHHE7tZIk8y/Gl6TFtv5ANSY23shwSF1kkMmY5daDP9RR1+na9jvLvgr0+dEM4wEtvMT74Aek5fEB2NiUz64JDw9/VU42JljvhIWlN0SxjYPCa8CPh5/u9C1fqztvnjUxktGjR6upqU2ePHn79h3stIDC1FMHw56oqalJGAJgZjiYYRgDAwMA9vb1sCzLxKSbmClfM8QQgRTpBK33zQr0HzAo+unjppZCkXjfNKCFt0XhrcCRNQOLM/cDuHbtWlPJYGh47M6d1KaqvY4ovAYs3v7E00sIICgo6HFWXcd5a8iePffGj3epuB0xQtfMrPKksOz4d2PYp2a0WIHmjsK3AS3UEYXXAEe3qN1+PAA2NjbLZluZmpoKi+MEkvIFQMs2HpwwYcI3ky3mzZvn4ODwOI3/3fQfa1GLqKCgILPI0vIcAD/fBJlUZjzoAIApVl6XD986fjzywIG/48JS+pj5l9brFjuNgMJrgN20gbLc8t1ZeCod3JyPR106KxaUn+k0opdWzwGDehkY3L59++HDh15/7dXtyK1FLWrt24eK1NS0NQGMG99r/cZbWl3aAej3kUanwT0BeHs/667fdvFvw+3XNeW2XLWgxQ9o7ih8GwCAYVqUuPYovAacuFO627/cD/hopCWAqECnuLi4iMT0NWvWuLi4iIRCNuetM2u6m31jZWWVnp746IqdWCxm0y9evDjUbH5xGX/QoEFnz5598cTn0KZF3++7/saqdXV/f5EtGDnyBOsHsIl5efwG+TsbDIW3AkQkFIk11NVSUlJkMpm+vv7zlHxBfhKHw2mn3UldXT01OWno8BEAIh881unUXigU9u7dm4iiox4MGDIUAI/HS09PFwlFhn31SmQq2traBQUFOWnJ/f49u/e/PHiQaWTUtSSryM0rYfBgnX79tBMSCvT02nbs2Lox/vJ6QuE1oIU6ovBWAMCTpMI3Z2oA/jxReSJ8aGhLVLiJWHT88Z93SgHY2NhYz19uYmLitX2JWCqTS6vZ3rl+mT/PEICp6YkyOV24EA2inOySqV+5vPHFd4r3xwqsXr16x44dTS2F4vH+aEALtUNRrcCZM2d++uknADKx/O7xjNdn5nJrEwd8I7q6vwP45BPn+fO9Zs/2yMkpgwL2BhVVA1RVVdmNqZ+Hp0f5pQGwsbFZtGI/AJGY7+MwBUBiVMjFiMTEx48A5JXxG2hvcXUlDBvW1cioa+fObRqi/IamxQo0dxS1DWihvlB4DVi4/+5O3wIA9vb2jLTwxrMiva5dUlNTB4744uDBg8PNrZ5HnmugqnV1fzfpv5/LdVDoqLDCa8CRZSbdkAKgtLSUz+NlRd3tP2iIXC7X1QKfz++u0yb16Vuf7FFzwqKXn1g1BMDRoxGPHmVbWV1suLoaiBY/oLmj8G0AAJm8NlsCX7/+5tG/5oDCa8Dhm0U7ffIB2NjYrJ3xNYDYoJ36fb64F58edGjz3IU7CviSuJgnvXv39vDwYF85sW8dAFtbWwCzv5+z90YUMXKNdp/GZeXKRKUbN//xVgIYDTt/43Hxzz/f4OUWhnuFpCYV1PNf2MAovBVgN8JQUlJi5DIASq2UiUgikQDE5aoyhFZKHJFIpKLcSs4wXK4qAIlUxlVRFovFqqqqEqmM5BKuqjo7XUBVRVnGUA0PfGQ3k5XKGEbGKLXiqKi0IiKJWK762h1m3zUUSdb/Ehoa2tQiVI+ysrKJiUlTS1EjFNsKcKrwySefcKrDYLAhh8Phcrmtqn1c37BSyeUKM2NYsTWgAvZAzKFGhgBMRgwZOXKkhoaG0ZBBAFQ51OvDrjo6OlrtGuOkt4CAgEaopR5RbD+g6nm57xpmZmZNLUKNeE/agBZqzfugAezg76sceCUVNQBqamr9+jfG0arJycmNUEs9oth9AQCdNVULRDIAurq6bTrqKIkFSXHRpRI5AFX11mIhX0lJqTxg1Chbe2i11WqEWuqRFj+goVAUP0Cx24ASDbd27TWaWopquHrhiZnZjaaWokYodhsA9uzkdw8VFRV2CtO7z/8BzCSophFvRVkAAAAASUVORK5CYII=', 'root*849', '2015-05-14 05:22:00', '4');

--
-- Restricciones para tablas volcadas
--

--
-- Filtros para la tabla `AuthAssignment`
--
ALTER TABLE `AuthAssignment`
  ADD CONSTRAINT `AuthAssignment_ibfk_1` FOREIGN KEY (`itemname`) REFERENCES `AuthItem` (`name`) ON DELETE CASCADE ON UPDATE CASCADE;

--
-- Filtros para la tabla `AuthItemChild`
--
ALTER TABLE `AuthItemChild`
  ADD CONSTRAINT `AuthItemChild_ibfk_2` FOREIGN KEY (`child`) REFERENCES `AuthItem` (`name`) ON DELETE CASCADE ON UPDATE CASCADE,
  ADD CONSTRAINT `AuthItemChild_ibfk_1` FOREIGN KEY (`parent`) REFERENCES `AuthItem` (`name`) ON DELETE CASCADE ON UPDATE CASCADE;

--
-- Filtros para la tabla `ctrl_producciones_trazabilidad`
--
ALTER TABLE `ctrl_producciones_trazabilidad`
  ADD CONSTRAINT `lnk_ctrl_producciones_trazabilidad_pruducto` FOREIGN KEY (`producto`) REFERENCES `producto` (`id`) ON DELETE NO ACTION ON UPDATE CASCADE;

--
-- Filtros para la tabla `detalle_ctrl_producciones`
--
ALTER TABLE `detalle_ctrl_producciones`
  ADD CONSTRAINT `lnk_detalle_ctrl_producciones_ctrl_producciones_trazabilidad` FOREIGN KEY (`ctrl_producciones_id`) REFERENCES `ctrl_producciones_trazabilidad` (`id`) ON DELETE NO ACTION ON UPDATE CASCADE,
  ADD CONSTRAINT `lnk_detalle_ctrl_producciones_insumo` FOREIGN KEY (`insumo_id`) REFERENCES `insumo` (`id`) ON DELETE NO ACTION ON UPDATE CASCADE,
  ADD CONSTRAINT `lnk_detalle_ctrl_producciones_proveedor` FOREIGN KEY (`proveedor_id`) REFERENCES `proveedor` (`id`) ON DELETE NO ACTION ON UPDATE CASCADE;

--
-- Filtros para la tabla `formulacion`
--
ALTER TABLE `formulacion`
  ADD CONSTRAINT `lnk_formulacion_producto` FOREIGN KEY (`producto_id`) REFERENCES `producto` (`id`) ON DELETE NO ACTION ON UPDATE CASCADE,
  ADD CONSTRAINT `lnk_formulacion_insumo` FOREIGN KEY (`materia_prima`) REFERENCES `insumo` (`id`) ON DELETE NO ACTION ON UPDATE CASCADE;

--
-- Filtros para la tabla `proveedor`
--
ALTER TABLE `proveedor`
  ADD CONSTRAINT `lnk_proveedor_municipio` FOREIGN KEY (`municipio_id`) REFERENCES `municipio` (`coddane`) ON DELETE NO ACTION ON UPDATE CASCADE;

--
-- Filtros para la tabla `proveedor_insumo`
--
ALTER TABLE `proveedor_insumo`
  ADD CONSTRAINT `lnk_proveedor_insumo_proveedor` FOREIGN KEY (`proveedor_id`) REFERENCES `proveedor` (`id`) ON DELETE CASCADE ON UPDATE CASCADE,
  ADD CONSTRAINT `lnk_proveedor_insumo_insumo` FOREIGN KEY (`insumo_id`) REFERENCES `insumo` (`id`) ON DELETE NO ACTION ON UPDATE CASCADE;

--
-- Filtros para la tabla `recepcion_materia_prima_carnica`
--
ALTER TABLE `recepcion_materia_prima_carnica`
  ADD CONSTRAINT `lnk_recepcion_materia_prima_carnica_User` FOREIGN KEY (`recibido`) REFERENCES `User` (`id`) ON DELETE NO ACTION ON UPDATE CASCADE,
  ADD CONSTRAINT `lnk_recepcion_materia_prima_carnica_insumo` FOREIGN KEY (`materia_prima_insumo`) REFERENCES `insumo` (`id`) ON DELETE NO ACTION ON UPDATE CASCADE,
  ADD CONSTRAINT `lnk_recepcion_materia_prima_carnica_proveedor` FOREIGN KEY (`proveedor`) REFERENCES `proveedor` (`id`) ON DELETE NO ACTION ON UPDATE CASCADE;

--
-- Filtros para la tabla `recepcion_materia_prima_no_carnica`
--
ALTER TABLE `recepcion_materia_prima_no_carnica`
  ADD CONSTRAINT `lnk_recepcion_materia_prima_no_carnica_User` FOREIGN KEY (`recibido`) REFERENCES `User` (`id`) ON DELETE NO ACTION ON UPDATE CASCADE,
  ADD CONSTRAINT `lnk_recepcion_materia_prima_no_carnica_insumo` FOREIGN KEY (`materia_prima_insumo`) REFERENCES `insumo` (`id`) ON DELETE CASCADE ON UPDATE CASCADE,
  ADD CONSTRAINT `lnk_recepcion_materia_prima_no_carnica_proveedor` FOREIGN KEY (`proveedor_id`) REFERENCES `proveedor` (`id`) ON DELETE NO ACTION ON UPDATE CASCADE;

--
-- Filtros para la tabla `reporte_control_horneado`
--
ALTER TABLE `reporte_control_horneado`
  ADD CONSTRAINT `lnk_reporte_control_horneado_User` FOREIGN KEY (`responsable_id`) REFERENCES `User` (`id`) ON DELETE NO ACTION ON UPDATE CASCADE;

--
-- Filtros para la tabla `reporte_empaque_vacio`
--
ALTER TABLE `reporte_empaque_vacio`
  ADD CONSTRAINT `lnk_reporte_empaque_vacio_User` FOREIGN KEY (`responsable_id`) REFERENCES `User` (`id`) ON DELETE NO ACTION ON UPDATE CASCADE;

/*!40101 SET CHARACTER_SET_CLIENT=@OLD_CHARACTER_SET_CLIENT */;
/*!40101 SET CHARACTER_SET_RESULTS=@OLD_CHARACTER_SET_RESULTS */;
/*!40101 SET COLLATION_CONNECTION=@OLD_COLLATION_CONNECTION */;
